[
  {
    "Id": "1059848",
    "ThreadId": "447873",
    "Html": "hi! I'm trying to create a code to duplicate a part of the template. For this I was inspired a code that duplicates table rows.\r<br />\n<br />\nBasically use [0] at the beginning and end of the content that I want to duplicate, it actually copies the part you want, the problem is that the syntax error in the document, can someone tell me how to solve this?<br />\n<pre><code>public function clonePart($search, $numberOfClones){\n        $string = $this-&gt;_documentXML;\n        $valor = '';\n        for ($i = 1; $i &lt;= $numberOfClones; $i++) {\n         $valor .= preg_replace(&quot;/.*\\[\\d+](.*)\\[\\d+].*/&quot;, &quot;$1&quot;, $string, 1);\n        }\n        $this-&gt;_documentXML =  htmlspecialchars($valor);\n        echo $valor;\n    }</code></pre>\n\nThanks!<br />\n",
    "PostedDate": "2013-06-22T00:24:11.647-07:00",
    "UserRole": null,
    "MarkedAsAnswerDate": null
  },
  {
    "Id": "1061442",
    "ThreadId": "447873",
    "Html": "I make this work, see: <a href=\"https://phpword.codeplex.com/workitem/56\" rel=\"nofollow\">https://phpword.codeplex.com/workitem/56</a><br />\n",
    "PostedDate": "2013-06-26T07:04:54.023-07:00",
    "UserRole": null,
    "MarkedAsAnswerDate": null
  }
]