[
  {
    "Id": "462553",
    "ThreadId": "218122",
    "Html": "when i  create tables with phpword , How to merge table cells  ?  \r\n ",
    "PostedDate": "2010-07-02T02:23:46.887-07:00",
    "UserRole": null,
    "MarkedAsAnswerDate": null
  },
  {
    "Id": "467869",
    "ThreadId": "218122",
    "Html": "<p>I'm sorry, but merging table cells isn't implemented yet.</p>",
    "PostedDate": "2010-07-15T09:04:54.82-07:00",
    "UserRole": null,
    "MarkedAsAnswerDate": null
  },
  {
    "Id": "565347",
    "ThreadId": "218122",
    "Html": "<p>Is there something new?</p>",
    "PostedDate": "2011-02-13T03:41:19.603-08:00",
    "UserRole": null,
    "MarkedAsAnswerDate": null
  },
  {
    "Id": "565423",
    "ThreadId": "218122",
    "Html": "<p><span class=\"UserProfileLink\">Yoyitonin</span> created a patch to add rowspan and colspan here. <a href=\"http://phpword.codeplex.com/discussions/236364\">http://phpword.codeplex.com/discussions/236364</a></p>",
    "PostedDate": "2011-02-13T07:41:23.07-08:00",
    "UserRole": null,
    "MarkedAsAnswerDate": null
  }
]