[
  {
    "Id": "832496",
    "ThreadId": "354631",
    "Html": "\r\n<p>I am a beginner to use PHPWORD.</p>\r\n<p>Today, I am trying to put one picture and words in one cell,but I can't find the way to do that.</p>\r\n<p>I use &quot;addCell(1500)-&gt;addImage()&quot; to load the images,but I don't know&nbsp; how can I&nbsp; use &quot;addtext&quot; in the same&nbsp; &quot;addCell(1500)&quot;.</p>\r\n<p>Thank&nbsp; for your help!</p>\r\n",
    "PostedDate": "2012-05-05T05:31:02.637-07:00",
    "UserRole": null,
    "MarkedAsAnswerDate": null
  }
]