[
  {
    "Id": "916980",
    "ThreadId": "396753",
    "Html": "\r\n<p>我想做一个word文档，然后给word文档添加一个封面，封面包括背景颜色，还有链接的正文的标题，当我按住Ctrl键的时候点击标题可以链接到相关的正文。类&#20284;这样：</p>\r\n<p><span lang=\"EN-US\" style=\"font-size:15pt; color:navy\"><a href=\"file:///D:/My%20Documents/%E4%B8%8B%E8%BD%BD/2012%E5%B9%B409%E6%9C%8825%E6%97%A5%E7%8E%8B%E7%A3%8A%E7%AE%80%E6%8A%A5.doc#Bill_34\"><span lang=\"EN-US\" style=\"color:navy\">习近平晤美防长</span><span lang=\"EN-US\" style=\"color:navy\">\r\n</span><span lang=\"EN-US\" style=\"color:navy\">望美谨言慎行不介入钓鱼岛争议</span></a></span></p>\r\n<p><span lang=\"EN-US\" style=\"font-size:15pt; color:navy\"><a href=\"file:///D:/My%20Documents/%E4%B8%8B%E8%BD%BD/2012%E5%B9%B409%E6%9C%8825%E6%97%A5%E7%8E%8B%E7%A3%8A%E7%AE%80%E6%8A%A5.doc#Bill_35\"><span lang=\"EN-US\" style=\"color:navy\">中国海监66</span><span lang=\"EN-US\" style=\"color:navy\">、46</span><span lang=\"EN-US\" style=\"color:navy\">船继续在我钓鱼岛领海内巡航</span></a></span></p>\r\n<p><span lang=\"EN-US\" style=\"font-size:15pt; color:navy\"><a href=\"file:///D:/My%20Documents/%E4%B8%8B%E8%BD%BD/2012%E5%B9%B409%E6%9C%8825%E6%97%A5%E7%8E%8B%E7%A3%8A%E7%AE%80%E6%8A%A5.doc#Bill_26\"><span lang=\"EN-US\" style=\"color:navy\">郎咸平做客合肥直言&ldquo;楼市投资更保&#20540;&rdquo;</span><span lang=\"EN-US\" style=\"color:navy\">\r\n</span><span lang=\"EN-US\" style=\"color:navy\">保障房是大跃进</span></a></span></p>\r\n<p><span lang=\"EN-US\" style=\"font-size:15pt; color:navy\"><a href=\"file:///D:/My%20Documents/%E4%B8%8B%E8%BD%BD/2012%E5%B9%B409%E6%9C%8825%E6%97%A5%E7%8E%8B%E7%A3%8A%E7%AE%80%E6%8A%A5.doc#Bill_27\"><span lang=\"EN-US\" style=\"color:navy\">郎咸平：房产限购如大石头压火山</span><span lang=\"EN-US\" style=\"color:navy\">\r\n</span><span lang=\"EN-US\" style=\"color:navy\">迟早再次爆发</span></a></span></p>\r\n<p><span style=\"color:#000080\"><span style=\"font-size:20px\"><br>\r\n</span></span></p>\r\n",
    "PostedDate": "2012-09-24T19:15:27.14-07:00",
    "UserRole": null,
    "MarkedAsAnswerDate": null
  }
]