[
  {
    "Id": "1315349",
    "ThreadId": "570347",
    "Html": "Hi all, I am very new to PHPword, that is to say, I only installed it today because after months of searching it is exactly what I need.<br />\n<br />\nI am currently working with PHPRunner, which is a 3rd party PHP coding application and a great piece of kit, it comes with PHPexcel already included as a plugin.<br />\n<br />\nThe application runs from public_html/portal, note that it is not the main root, it is a subdomain, the plugins where PHPExcel, and now PHPWord are installed is public_html/portal/plugins.<br />\n<br />\nOn my application I have included the following code to the 'after initialisation' script in order to register the PHPWord application:<br />\n<pre><code>&gt; //Initiate PHPword\nrequire_once '/home/sites/iso-drive.co.uk/public_html/portal/plugins/PHPWord/Autoloader.php';\n'\\home\\sites\\iso-drive.co.uk\\public_html\\portal\\plugins\\PHPWord\\Autoloader::register()';</code></pre>\n\nThen in a separate event code, I am trying to use this code:<br />\n<pre><code>//test with PHPWord\nrequire_once '/home/sites/iso-drive.co.uk/public_html/portal/plugins/PHPWord/Template.php';\nrequire_once '/home/sites/iso-drive.co.uk/public_html/portal/plugins/PHPWord.php';\n$template = $PHPWord-&gt;loadTemplate('$name1');\n$template-&gt;save('/Templates/test.docx');\nunset($template);</code></pre>\n\nObviously at this point I am just wanting to create a test document, to load from a template and resave.  Once I have this working I will attempt to play with the document more.<br />\n<br />\nHowever I am now getting the following error:<br />\n<blockquote>\nFatal error: Call to a member function loadTemplate() on a non-object in /home/sites/iso-drive.co.uk/public_html/portal/include/global_companies_events.php on line 110<br />\n</blockquote>\nphpinfo file is <a href=\"http://portal.iso-drive.co.uk/phpinfo.php\" rel=\"nofollow\">here</a><br />\n<br />\nIf I remove any of the code I then get fatal error, cannot redeclare etc.<br />\n<br />\nI'd be very grateful for some assistance.<br />\n<br />\nPS.<br />\n<br />\nIf I change code to:<br />\n<pre><code>require_once '/home/sites/iso-drive.co.uk/public_html/portal/plugins/PHPWord/Template.php';\nrequire_once '/home/sites/iso-drive.co.uk/public_html/portal/plugins/PHPWord.php';\n$PHPWord = new PHPWord();\n$template = $PHPWord-&gt;loadTemplate('$name1');\n$template-&gt;save('/Templates/test.docx');\nunset($template);</code></pre>\n\nThen I get the following error:<br />\n<blockquote>\nFatal error: Cannot redeclare class PHPWord_Autoloader<br />\n</blockquote>\n",
    "PostedDate": "2014-10-21T07:52:46.307-07:00",
    "UserRole": null,
    "MarkedAsAnswerDate": null
  }
]