[
  {
    "Id": "899052",
    "ThreadId": "391465",
    "Html": "\r\n<p>Hi,</p>\r\n<p>Can we read word document file and show header-content-text, footer-content-text and main body content/line numbers separately using phpword library?</p>\r\n<p>This word doc file can be .doc file or .docx file..</p>\r\n<p>Any help would be highly appreciated...</p>\r\n<p>Thanks in advance.</p>\r\n",
    "PostedDate": "2012-08-14T03:09:15.893-07:00",
    "UserRole": null,
    "MarkedAsAnswerDate": null
  }
]