[
  {
    "Id": "923736",
    "ThreadId": "398577",
    "Html": "\r\n<p>I amworking on similar thing as the Template.dox example but instead of having 10 planets, I have over 2000 entries from Database. So here is the Example:</p>\r\n<pre>&lt;!--p\r\nrequire_once '../PHPWord.php';\r\n\r\n$PHPWord = new PHPWord();\r\n\r\n$document = $PHPWor--&gt;loadTemplate('Template.docx');\r\n\r\n$document-&gt;setValue('Value1', 'Sun');\r\n$document-&gt;setValue('Value2', 'Mercury');\r\n$document-&gt;setValue('Value3', 'Venus');\r\n$document-&gt;setValue('Value4', 'Earth');\r\n$document-&gt;setValue('Value5', 'Mars');\r\n$document-&gt;setValue('Value6', 'Jupiter');\r\n$document-&gt;setValue('Value7', 'Saturn');\r\n$document-&gt;setValue('Value8', 'Uranus');\r\n$document-&gt;setValue('Value9', 'Neptun');\r\n$document-&gt;setValue('Value10', 'Pluto');\r\n\r\n$document-&gt;setValue('weekday', date('l'));\r\n$document-&gt;setValue('time', date('H:i'));\r\n\r\n$document-&gt;save('Solarsystem.docx');\r\n?&gt;</pre>\r\n<p>I am trying to use something like this:</p>\r\n<pre>&lt;!--p\r\n\r\n$host = &quot;MyServer&quot;; \r\n$user = &quot;MyUsername&quot;; \r\n$pass = &quot;MyPassword&quot;; \r\n$database = &quot;MyDatabase&quot;; \r\n\r\n$linkID = mysql_connect($host, $user, $pass) or die(&quot;Could not connect to host.&quot;); \r\nmysql_select_db($database, $linkID) or die(&quot;Could not find database.&quot;); \r\n\r\n$query = &quot;SELECT * FROM EXM_Written WHERE Slectt='2012' ORDER BY Sort_En&quot;;\r\n$resultIF = mysql_query($query, $linkID) or die(&quot;Data not found.&quot;); \r\n$rbw = mysql_fetch_assoc($resultIF); \r\n\r\n\r\n\r\n\r\nrequire_once 'PHPWord.php';\r\n\r\n$PHPWord = new PHPWord();\r\n\r\n$document = $PHPWor--&gt;loadTemplate('Template.docx');\r\n\r\nfor($x = 0 ; $x &lt; mysql_num_rows($resultIF) ; $x&#43;&#43;)\r\n\t{\r\n\t$document-&gt;setValue('$x', $rbw['Quest_En']);\r\n\t$document-&gt;setValue('Value3', $rbw['AnsA_En']);\r\n\t$document-&gt;setValue('Value4', $rbw['AnsB_En']);\r\n\t$document-&gt;setValue('Value5', $rbw['AnsC_En']);\r\n\t$document-&gt;setValue('Value6', $rbw['AnsD_En']);\r\n\t\r\n\t}\r\n\r\n$document-&gt;setValue('Value8', 'Uranus');\r\n$document-&gt;setValue('Value9', 'Neptun');\r\n$document-&gt;setValue('Value10', 'Pluto');\r\n\r\n$document-&gt;setValue('weekday', date('l'));\r\n$document-&gt;setValue('time', date('H:i'));\r\n\r\n$document-&gt;save(Solarsystem.docx');\r\n?&gt;</pre>\r\n<p>I have no problem getting the Data, what isnt working is I'd like to replace 'Value2'&nbsp;by $x which is a number from 0 to the number of entries.</p>\r\n<p>On the Template.doc file, I replace</p>\r\n<p><span lang=\"DE\" style=\"font-family:&quot;Calibri&quot;,&quot;sans-serif&quot;; font-size:12pt\">${Value1} for\r\n<span lang=\"DE\" style=\"font-family:&quot;Calibri&quot;,&quot;sans-serif&quot;; font-size:12pt\">${1} but it doesnt work.</span></span></p>\r\n<p><span lang=\"DE\" style=\"font-family:&quot;Calibri&quot;,&quot;sans-serif&quot;; font-size:12pt\"><span lang=\"DE\" style=\"font-family:&quot;Calibri&quot;,&quot;sans-serif&quot;; font-size:12pt\">Is there something I should do to have automatic variable creation from 0 to 2000 instead of listing in\r\n my php file all 2000 lines?</span></span></p>\r\n<p><span lang=\"DE\" style=\"font-family:&quot;Calibri&quot;,&quot;sans-serif&quot;; font-size:12pt\"><span lang=\"DE\" style=\"font-family:&quot;Calibri&quot;,&quot;sans-serif&quot;; font-size:12pt\">Thanks!</span></span></p>\r\n<p><span lang=\"DE\" style=\"font-family:&quot;Calibri&quot;,&quot;sans-serif&quot;; font-size:12pt\"><span lang=\"DE\" style=\"font-family:&quot;Calibri&quot;,&quot;sans-serif&quot;; font-size:12pt\">&nbsp;</span></span></p>\r\n<div id=\"_mcePaste\" style=\"width:1px; height:1px; overflow:hidden; top:0px; left:-10000px\">\r\n&#65279;</div>\r\n",
    "PostedDate": "2012-10-08T16:14:30.287-07:00",
    "UserRole": null,
    "MarkedAsAnswerDate": null
  }
]