[
  {
    "Id": "747309",
    "ThreadId": "298920",
    "Html": "\r\n<p><span>Hello</span><span>,</span></p>\r\n<p><span>This</span> <span>class</span> <span>is excellent</span><span>.</span> <span>\r\nI would use</span> <span>on</span> <span>professional projects</span> <span>but I</span>\r\n<span>don't know if</span>&nbsp;<span>somebody</span> <span>still working on it</span><span>.</span>\r\n<span>Is this</span> <span>the case</span><span>?</span></p>\r\n<p><span><span>Cordially,</span></span></p>\r\n<p><span><span>Sam Lion.</span></span></p>\r\n<p><span><span>&nbsp;</span></span></p>\r\n",
    "PostedDate": "2012-02-08T07:49:29.53-08:00",
    "UserRole": null,
    "MarkedAsAnswerDate": null
  }
]