[
  {
    "Id": "454925",
    "ThreadId": "215859",
    "Html": "<p>Hello everyone,</p>\r\n<p>I am using :<br>Word 2007 (12.0.6535.5002) SP2 MSO (12.0.6535.5002)</p>\r\n<p>and when I try and open a .docx file generated by any of the PHPWord example scripts, I get the following error.</p>\r\n<p><img src=\"http://www.itsolutionsonthe.net/phpword_error.png\" alt=\"\"></p>\r\n<p>Is anyone able to tell me why I am getting this?</p>\r\n<p>&nbsp;</p>\r\n<p>Kind regards,</p>\r\n<p>Anthony Myatt</p>",
    "PostedDate": "2010-06-13T07:04:06.26-07:00",
    "UserRole": null,
    "MarkedAsAnswerDate": null
  },
  {
    "Id": "454931",
    "ThreadId": "215859",
    "Html": "<p>Hello Anthony,</p>\r\n<p>can you post your PHP Code? thanks.</p>",
    "PostedDate": "2010-06-13T07:46:37.813-07:00",
    "UserRole": null,
    "MarkedAsAnswerDate": null
  },
  {
    "Id": "454933",
    "ThreadId": "215859",
    "Html": "<p>Hello raw_venture_ad,</p>\r\n<p>I was using the examples that came with PHPWord.</p>\r\n<p>After doing some research I managed to fix my own problem. It turns out that PHP 5.2.6 and above, have a problem with the php_zip extension under windows that causes it to write files as ascii not binary.<br>After replacing my php_zip.dll file from a CVS snapshot I managed to get it to work.</p>\r\n<p>Whilst I am here, is there any plans for watermarks and page borders in PHPWord?</p>\r\n<p>&nbsp;</p>\r\n<p>Kind regards,</p>\r\n<p>Anthony Myatt</p>",
    "PostedDate": "2010-06-13T08:07:18.99-07:00",
    "UserRole": null,
    "MarkedAsAnswerDate": null
  },
  {
    "Id": "454944",
    "ThreadId": "215859",
    "Html": "<p>Hello Anthony</p>\r\n<p>Which example did you tried? However, I'm glad to hear that your problem is fixed.</p>\r\n<p>&nbsp;</p>\r\n<p>I haven't looked at the XML Source but think I can integrate the feature of watermarks and page borders in the next release.</p>\r\n<p>Best regards</p>\r\n<p>Matthias</p>",
    "PostedDate": "2010-06-13T09:23:30.353-07:00",
    "UserRole": null,
    "MarkedAsAnswerDate": null
  },
  {
    "Id": "455015",
    "ThreadId": "215859",
    "Html": "<div>\r\n<p><span style=\"font-size:11.0pt;font-family:'Calibri','sans-serif';color:#1f497d\">Hello Matthias,</span></p>\r\n<p><span style=\"font-size:11.0pt;font-family:'Calibri','sans-serif';color:#1f497d\"> </span></p>\r\n<p><span style=\"font-size:11.0pt;font-family:'Calibri','sans-serif';color:#1f497d\">I tried the &ldquo;text&rdquo; and &ldquo;advanced table&rdquo; examples.</span></p>\r\n<p><span style=\"font-size:11.0pt;font-family:'Calibri','sans-serif';color:#1f497d\">When would the next release be likely to come out? I am using PHPWord for a Merit System that will be used by a school and watermarks and page borders are a requirement of this project.</span></p>\r\n<p><span style=\"font-size:11.0pt;font-family:'Calibri','sans-serif';color:#1f497d\">Any chance of these features being added in the next few days?</span></p>\r\n<p><span style=\"font-size:11.0pt;font-family:'Calibri','sans-serif';color:#1f497d\"> </span></p>\r\n<p><span style=\"font-size:11.0pt;font-family:'Calibri','sans-serif';color:#1f497d\"> </span></p>\r\n<p><span style=\"font-size:11.0pt;font-family:'Calibri','sans-serif';color:#1f497d\">Kind regards,</span></p>\r\n<p><span style=\"font-size:11.0pt;font-family:'Calibri','sans-serif';color:#1f497d\"> </span></p>\r\n<p><span style=\"font-size:11.0pt;font-family:'Calibri','sans-serif';color:#1f497d\">Anthony Myatt</span></p>\r\n<p><span style=\"font-size:11.0pt;font-family:'Calibri','sans-serif';color:#1f497d\"> </span></p>\r\n</div>",
    "PostedDate": "2010-06-13T19:21:21.86-07:00",
    "UserRole": null,
    "MarkedAsAnswerDate": null
  },
  {
    "Id": "455843",
    "ThreadId": "215859",
    "Html": "<p>hi!<br>I have nearly the same problem but with some additions. When I specify a filename to save as, I get nothing. No error messages in the logs and no file saved in the web directory.</p>\r\n<p>When I specify php://output as filename I get the popup to save a file with the same name as my script and with a zip extension. The file wont open with zip. If I rename the file to docx I get the same error message as Matthias.</p>\r\n<p>If I specify php://output as filename using NON-IE browser (Safari on my Mac) I don't not get any popup to save, instead I get the raw code-output from the generated file in the window.</p>\r\n<p>I use the example code as well.</p>",
    "PostedDate": "2010-06-15T14:50:07.03-07:00",
    "UserRole": null,
    "MarkedAsAnswerDate": null
  },
  {
    "Id": "457296",
    "ThreadId": "215859",
    "Html": "<blockquote style=\"border:solid .1em #ccc;font-style:italic;margin:.25em 1em 0 1em;padding:0 .25em 0 .25em\"><strong>computerguy wrote:</strong><br>\r\n<div><span style=\"font-size:11.0pt;font-family:'Calibri','sans-serif';color:#1f497d\">When would the next release be likely to come out? I am using PHPWord for a Merit System that will be used by a school and watermarks and page borders are a requirement of this project.</span>\r\n<p><span style=\"font-size:11.0pt;font-family:'Calibri','sans-serif';color:#1f497d\">Any chance of these features being added in the next few days?</span></p>\r\n<p><span style=\"font-size:11.0pt;font-family:'Calibri','sans-serif';color:#1f497d\"> </span></p>\r\n<p><span style=\"font-size:11.0pt;font-family:'Calibri','sans-serif';color:#1f497d\"> </span></p>\r\n<p><span style=\"font-size:11.0pt;font-family:'Calibri','sans-serif';color:#1f497d\"> </span></p>\r\n</div>\r\n</blockquote>\r\n<p>Yes. I think I can add these features to the next release.</p>\r\n<p>I can't tell when the next release cames out, but the weekend cames with bad weather to germany. ;)</p>",
    "PostedDate": "2010-06-18T08:38:10.487-07:00",
    "UserRole": null,
    "MarkedAsAnswerDate": null
  },
  {
    "Id": "457936",
    "ThreadId": "215859",
    "Html": "<blockquote style=\"border:solid .1em #ccc;font-style:italic;margin:.25em 1em 0 1em;padding:0 .25em 0 .25em\"><strong>sugardad wrote:</strong><br>\r\n<p>hi!<br>I have nearly the same problem but with some additions. When I specify a filename to save as, I get nothing. No error messages in the logs and no file saved in the web directory.</p>\r\n<p>When I specify php://output as filename I get the popup to save a file with the same name as my script and with a zip extension. The file wont open with zip. If I rename the file to docx I get the same error message as Matthias.</p>\r\n<p>If I specify php://output as filename using NON-IE browser (Safari on my Mac) I don't not get any popup to save, instead I get the raw code-output from the generated file in the window.</p>\r\n<p>I use the example code as well.</p>\r\n</blockquote>\r\n<p>To fix the error with a corrupt zip, simply replce the original zip.dll file in your php directory with the one from here <a title=\"http://snaps.php.net/win32/php5.2-win32-latest.zip\" href=\"http://snaps.php.net/win32/php5.2-win32-latest.zip\">http://snaps.php.net/win32/php5.2-win32-latest.zip</a></p>\r\n<p>I think the problem with the file not saving may be a windows permision problem, try changing the file permisions on the folder you are trying to save to.</p>",
    "PostedDate": "2010-06-21T01:51:01-07:00",
    "UserRole": null,
    "MarkedAsAnswerDate": null
  },
  {
    "Id": "457948",
    "ThreadId": "215859",
    "Html": "<p>Thanks for your reply! It's a little bit more problemtaic I'm afraid..</p>\r\n<p>You see, I run PHP version 5.1.6 so the latest zip wont work. And because of another extension (php_perl.dll) I can not upgrade at the momemt. So my options are:</p>\r\n<p>1. Re-compile latest zip extension together with PHP 5.1.6<br>2. Best option: Re-compile php_perl together with &nbsp;PHP 5.3</p>\r\n<p>I have spent quite a few days trying to to both without luck.. My experience with visual studio compiling is rather limited. Do any of you have experiences with this type of work? I would gladly pay a small sum for a working php_perl.dll for PHP 5.3 on windows..&nbsp;</p>\r\n<p>The perl extension is located here:<br>http://pecl.php.net/package/perl</p>\r\n<p>Here is a fix for compiling it with PHP 5.3:<br>http://svn.php.net/viewvc/pecl/perl/trunk/</p>\r\n<p>I've also seen a guide for doing it on linux:<br>http://www.wowtutorial.org/linux-servers/how-compile-php-53x-support-perl-extensions-344.html</p>\r\n<p>But as I said I need the dll for windows.</p>\r\n<p>I'm getting desperate..&nbsp;</p>\r\n<p>&nbsp;</p>",
    "PostedDate": "2010-06-21T02:55:20.997-07:00",
    "UserRole": null,
    "MarkedAsAnswerDate": null
  },
  {
    "Id": "459647",
    "ThreadId": "215859",
    "Html": "<p>Try use utf8_encode in string values. Works for me.</p>\r\n<p>Example: $properties-&gt;setCreator(<span style=\"color:#ff0000\">utf8_encode(</span>'s&oacute;me text with especial &ccedil;hars'<span style=\"color:#ff0000\">)</span>);</p>",
    "PostedDate": "2010-06-24T12:13:44.037-07:00",
    "UserRole": null,
    "MarkedAsAnswerDate": null
  },
  {
    "Id": "461035",
    "ThreadId": "215859",
    "Html": "<p>Thanks for the tip about utf8_encode. Unfortunately it didn't help. I have tested with different php versions and anything above my current 5.1.6 version seems to work. But as I said in my previous post I cant not upgrade at the moment.</p>\r\n<p>Is there anyone out there who can compile PHP extension DLL's ?</p>",
    "PostedDate": "2010-06-29T01:29:12.143-07:00",
    "UserRole": null,
    "MarkedAsAnswerDate": null
  },
  {
    "Id": "472385",
    "ThreadId": "215859",
    "Html": "<blockquote style=\"border:solid .1em #ccc;font-style:italic;margin:.25em 1em 0 1em;padding:0 .25em 0 .25em\"><strong>computerguy wrote:</strong><br>\r\n<p>Whilst I am here, is there any plans for watermarks and page borders in PHPWord?</p>\r\n</blockquote>\r\n<p>Hey,</p>\r\n<p>both features are implemented in the current release 0.6.2.</p>\r\n<p>Regards</p>\r\n<p>Raw</p>",
    "PostedDate": "2010-07-25T13:09:04.94-07:00",
    "UserRole": null,
    "MarkedAsAnswerDate": null
  },
  {
    "Id": "472422",
    "ThreadId": "215859",
    "Html": "\r\n\r\n<div class=WordSection1>\r\n\r\n<p class=MsoNormal><span style=\"font-size:11.0pt;font-family:'Calibri','sans-serif';color:#1F497D\">Thank you</span></p>\r\n\r\n<p class=MsoNormal><span style=\"font-size:11.0pt;font-family:'Calibri','sans-serif';color:#1F497D\"> </span></p>\r\n\r\n<div>\r\n\r\n<div style=\"border:none;border-top:solid #B5C4DF 1.0pt;padding:3.0pt 0cm 0cm 0cm\">\r\n\r\n<p class=MsoNormal><b><span lang=EN-US style=\"font-size:10.0pt;font-family:'Tahoma','sans-serif'\">From:</span></b><span lang=EN-US style=\"font-size:10.0pt;font-family:'Tahoma','sans-serif'\"> raw_venture_ad [mailto:notifications@codeplex.com]\r\n<br>\r\n<b>Sent:</b> Monday, 26 July 2010 6:09 AM<br>\r\n<b>To:</b> anthony@tmcp.com.au<br>\r\n<b>Subject:</b> Re: Error!! (Can anyone help?) [phpword:215859]</span></p>\r\n\r\n</div>\r\n\r\n</div>\r\n\r\n<p class=MsoNormal> </p>\r\n\r\n<p><span style=\"font-size:9.0pt;font-family:'Verdana','sans-serif'\">From:\r\nraw_venture_ad</span></p>\r\n\r\n<div style=\"margin-bottom:24.0pt\" id=ThreadNotificationPostBody>\r\n\r\n<blockquote style=\"border:solid #CCCCCC 1.5pt;padding:0cm 3.0pt 0cm 3.0pt;margin-left:12.0pt;margin-top:3.0pt;margin-right:12.0pt\">\r\n\r\n<p class=MsoNormal><strong><i><span style=\"font-size:9.0pt;font-family:'Verdana','sans-serif'\">computerguy\r\nwrote:</span></i></strong><i><span style=\"font-size:9.0pt;font-family:'Verdana','sans-serif'\"></span></i></p>\r\n\r\n<p><i><span style=\"font-size:9.0pt;font-family:'Verdana','sans-serif'\">Whilst I\r\nam here, is there any plans for watermarks and page borders in PHPWord?</span></i></p>\r\n\r\n</blockquote>\r\n\r\n<p><span style=\"font-size:9.0pt;font-family:'Verdana','sans-serif'\">Hey,</span></p>\r\n\r\n<p><span style=\"font-size:9.0pt;font-family:'Verdana','sans-serif'\">both\r\nfeatures are implemented in the current release 0.6.2.</span></p>\r\n\r\n<p><span style=\"font-size:9.0pt;font-family:'Verdana','sans-serif'\">Regards</span></p>\r\n\r\n<p><span style=\"font-size:9.0pt;font-family:'Verdana','sans-serif'\">Raw</span></p>\r\n\r\n</div>\r\n\r\n<div style=\"border:none;border-top:solid #CCCCCC 1.0pt;padding:0cm 0cm 0cm 0cm\" id=ThreadNotificationFooter>\r\n\r\n<p><span style=\"font-size:9.0pt;font-family:'Verdana','sans-serif';color:gray\">Read\r\nthe <a href=\"http://phpword.codeplex.com/Thread/View.aspx?ThreadId=215859&ANCHOR#Post472385\">full\r\ndiscussion online</a>.</span></p>\r\n\r\n<p><span style=\"font-size:9.0pt;font-family:'Verdana','sans-serif';color:gray\">To\r\nadd a post to this discussion, reply to this email (<a href=\"mailto:phpword@discussions.codeplex.com?subject=[phpword:215859]\">phpword@discussions.codeplex.com</a>)</span></p>\r\n\r\n<p><span style=\"font-size:9.0pt;font-family:'Verdana','sans-serif';color:gray\">To\r\nstart a new discussion for this project, email <a href=\"mailto:phpword@discussions.codeplex.com\">phpword@discussions.codeplex.com</a></span></p>\r\n\r\n<p><span style=\"font-size:9.0pt;font-family:'Verdana','sans-serif';color:gray\">You\r\nare receiving this email because you subscribed to this discussion on CodePlex.\r\nYou can <a href=\"http://www.codeplex.com/site/discussions/thread/unsubscribe/215859\">unsubscribe</a>\r\non CodePlex.com.</span></p>\r\n\r\n<p><span style=\"font-size:9.0pt;font-family:'Verdana','sans-serif';color:gray\">Please\r\nnote: Images and attachments will be removed from emails. Any posts to this\r\ndiscussion will also be available online at CodePlex.com</span></p>\r\n\r\n</div>\r\n\r\n</div>\r\n\r\n",
    "PostedDate": "2010-07-25T17:28:03.647-07:00",
    "UserRole": null,
    "MarkedAsAnswerDate": null
  }
]