[
  {
    "Id": "1081921",
    "ThreadId": "453757",
    "Html": "Hello, <br />\nI'm new to this framework, I have experience with PHP though.<br />\n<br />\nI'm creating an image with PHP and i want to insert it in to an already existing word document with specified coordinates, and then be able to download the word document.<br />\n<br />\nIs this possible with this source code and could anyone give me any advice?<br />\n<br />\nCheers.<br />\n",
    "PostedDate": "2013-08-18T16:40:59.75-07:00",
    "UserRole": null,
    "MarkedAsAnswerDate": null
  }
]