[
  {
    "Id": "686312",
    "ThreadId": "276434",
    "Html": "\r\n<p>I am trying to embed differente file formats inside word.docx.<br>\r\n<br>\r\nI made some changes as follows:<br>\r\n<br>\r\n1) changed the&nbsp; public function __construct in Sectin/Object.php<br>\r\n<br>\r\nfrom <br>\r\n$_supportedObjectTypes = array('xls', 'doc', 'ppt');<br>\r\n<br>\r\nto <br>\r\n$_supportedObjectTypes = array('xls','xlsx','doc','docx','txt','ppt','pdf');<br>\r\n<br>\r\n2) Created a image inside the folder _staticDocParts<br>\r\n<br>\r\n_default.png<br>\r\n<br>\r\n<br>\r\nWhen I check the created docx file, if I try to open embed files different from xls, doc and ppt, it's open just an image, not the attached file.<br>\r\n<br>\r\nCould anybody say if it's possible to correct this bug and where should I change it ?</p>\r\n",
    "PostedDate": "2011-10-19T05:43:45.887-07:00",
    "UserRole": null,
    "MarkedAsAnswerDate": null
  },
  {
    "Id": "692872",
    "ThreadId": "276434",
    "Html": "<p>I have tested the same with PDF, also only a graphic inside the docx.</p>\r\n<p>Also i looked into the generated code, and modified the code to have the ProgID as requested from PDF, but it doesn't work.</p>\r\n<div style=\"color: black; background-color: white;\">\r\n<pre>    <span style=\"color: blue;\">&lt;</span><span style=\"color: #a31515;\">w</span><span style=\"color: blue;\">:</span><span style=\"color: #a31515;\">p</span><span style=\"color: blue;\">&gt;</span>\r\n      <span style=\"color: blue;\">&lt;</span><span style=\"color: #a31515;\">w</span><span style=\"color: blue;\">:</span><span style=\"color: #a31515;\">r</span><span style=\"color: blue;\">&gt;</span>\r\n        <span style=\"color: blue;\">&lt;</span><span style=\"color: #a31515;\">w</span><span style=\"color: blue;\">:</span><span style=\"color: #a31515;\">object</span> <span style=\"color: red;\">w:dxaOrig</span><span style=\"color: blue;\">=</span><span style=\"color: black;\">\"</span><span style=\"color: blue;\">249</span><span style=\"color: black;\">\"</span> <span style=\"color: red;\">w:dyaOrig</span><span style=\"color: blue;\">=</span><span style=\"color: black;\">\"</span><span style=\"color: blue;\">160</span><span style=\"color: black;\">\"</span><span style=\"color: blue;\">&gt;</span>\r\n          <span style=\"color: blue;\">&lt;</span><span style=\"color: #a31515;\">v</span><span style=\"color: blue;\">:</span><span style=\"color: #a31515;\">shape</span> <span style=\"color: red;\">id</span><span style=\"color: blue;\">=</span><span style=\"color: black;\">\"</span><span style=\"color: blue;\">0ec79dae83042267d490a60b7451e359</span><span style=\"color: black;\">\"</span> <span style=\"color: red;\">type</span><span style=\"color: blue;\">=</span><span style=\"color: black;\">\"</span><span style=\"color: blue;\">#_x0000_t75</span><span style=\"color: black;\">\"</span> <span style=\"color: red;\">style</span><span style=\"color: blue;\">=</span><span style=\"color: black;\">\"</span><span style=\"color: blue;\">width:104px;height:67px\" o:ole=\"</span><span style=\"color: black;\">\"</span><span style=\"color: blue;\">&gt;</span>\r\n            <span style=\"color: blue;\">&lt;</span><span style=\"color: #a31515;\">v</span><span style=\"color: blue;\">:</span><span style=\"color: #a31515;\">imagedata</span> <span style=\"color: red;\">r:id</span><span style=\"color: blue;\">=</span><span style=\"color: black;\">\"</span><span style=\"color: blue;\">rId7\" o:title=\"</span><span style=\"color: black;\">\"</span><span style=\"color: blue;\">/&gt;</span>\r\n          <span style=\"color: blue;\">&lt;/</span><span style=\"color: #a31515;\">v</span><span style=\"color: blue;\">:</span><span style=\"color: #a31515;\">shape</span><span style=\"color: blue;\">&gt;</span>\r\n          <span style=\"color: blue;\">&lt;</span><span style=\"color: #a31515;\">o</span><span style=\"color: blue;\">:</span><span style=\"color: #a31515;\">OLEObject</span> <span style=\"color: red;\">Type</span><span style=\"color: blue;\">=</span><span style=\"color: black;\">\"</span><span style=\"color: blue;\">Embed</span><span style=\"color: black;\">\"</span> <span style=\"color: red;\">ProgID</span><span style=\"color: blue;\">=</span><span style=\"color: black;\">\"</span><span style=\"color: blue;\">AcroExch.Document.7</span><span style=\"color: black;\">\"</span> <span style=\"color: red;\">ShapeID</span><span style=\"color: blue;\">=</span><span style=\"color: black;\">\"</span><span style=\"color: blue;\">0ec79dae83042267d490a60b7451e359</span><span style=\"color: black;\">\"</span> <span style=\"color: red;\">DrawAspect</span><span style=\"color: blue;\">=</span><span style=\"color: black;\">\"</span><span style=\"color: blue;\">Icon</span><span style=\"color: black;\">\"</span> <span style=\"color: red;\">ObjectID</span><span style=\"color: blue;\">=</span><span style=\"color: black;\">\"</span><span style=\"color: blue;\">_1325353441</span><span style=\"color: black;\">\"</span> <span style=\"color: red;\">r:id</span><span style=\"color: blue;\">=</span><span style=\"color: black;\">\"</span><span style=\"color: blue;\">rId8</span><span style=\"color: black;\">\"</span><span style=\"color: blue;\">/&gt;</span>\r\n        <span style=\"color: blue;\">&lt;/</span><span style=\"color: #a31515;\">w</span><span style=\"color: blue;\">:</span><span style=\"color: #a31515;\">object</span><span style=\"color: blue;\">&gt;</span>\r\n      <span style=\"color: blue;\">&lt;/</span><span style=\"color: #a31515;\">w</span><span style=\"color: blue;\">:</span><span style=\"color: #a31515;\">r</span><span style=\"color: blue;\">&gt;</span>\r\n    <span style=\"color: blue;\">&lt;/</span><span style=\"color: #a31515;\">w</span><span style=\"color: blue;\">:</span><span style=\"color: #a31515;\">p</span><span style=\"color: blue;\">&gt;</span>\r\n\r\nIn an word generated DOCX it looks like this:</pre>\r\n<pre><div style=\"color: black; background-color: white;\"><pre><span style=\"color: blue;\">&lt;</span><span style=\"color: #a31515;\">w</span><span style=\"color: blue;\">:</span><span style=\"color: #a31515;\">p</span> <span style=\"color: red;\">w:rsidR</span><span style=\"color: blue;\">=</span><span style=\"color: black;\">\"</span><span style=\"color: blue;\">0022211B</span><span style=\"color: black;\">\"</span> <span style=\"color: red;\">w:rsidRDefault</span><span style=\"color: blue;\">=</span><span style=\"color: black;\">\"</span><span style=\"color: blue;\">0022211B</span><span style=\"color: black;\">\"</span><span style=\"color: blue;\">&gt;</span>\r\n<span style=\"color: blue;\">&lt;</span><span style=\"color: #a31515;\">w</span><span style=\"color: blue;\">:</span><span style=\"color: #a31515;\">r</span><span style=\"color: blue;\">&gt;</span>\r\n<span style=\"color: blue;\">&lt;</span><span style=\"color: #a31515;\">w</span><span style=\"color: blue;\">:</span><span style=\"color: #a31515;\">object</span> <span style=\"color: red;\">w:dxaOrig</span><span style=\"color: blue;\">=</span><span style=\"color: black;\">\"</span><span style=\"color: blue;\">1531</span><span style=\"color: black;\">\"</span> <span style=\"color: red;\">w:dyaOrig</span><span style=\"color: blue;\">=</span><span style=\"color: black;\">\"</span><span style=\"color: blue;\">991</span><span style=\"color: black;\">\"</span><span style=\"color: blue;\">&gt;</span>\r\n<span style=\"color: blue;\">&lt;</span><span style=\"color: #a31515;\">v</span><span style=\"color: blue;\">:</span><span style=\"color: #a31515;\">shapetype</span> <span style=\"color: red;\">id</span><span style=\"color: blue;\">=</span><span style=\"color: black;\">\"</span><span style=\"color: blue;\">_x0000_t75</span><span style=\"color: black;\">\"</span> <span style=\"color: red;\">coordsize</span><span style=\"color: blue;\">=</span><span style=\"color: black;\">\"</span><span style=\"color: blue;\">21600,21600</span><span style=\"color: black;\">\"</span> <span style=\"color: red;\">o:spt</span><span style=\"color: blue;\">=</span><span style=\"color: black;\">\"</span><span style=\"color: blue;\">75</span><span style=\"color: black;\">\"</span> <span style=\"color: red;\">o:preferrelative</span><span style=\"color: blue;\">=</span><span style=\"color: black;\">\"</span><span style=\"color: blue;\">t</span><span style=\"color: black;\">\"</span> <span style=\"color: red;\">path</span><span style=\"color: blue;\">=</span><span style=\"color: black;\">\"</span><span style=\"color: blue;\">m@4@5l@4@11@9@11@9@5xe</span><span style=\"color: black;\">\"</span> <span style=\"color: red;\">filled</span><span style=\"color: blue;\">=</span><span style=\"color: black;\">\"</span><span style=\"color: blue;\">f</span><span style=\"color: black;\">\"</span> <span style=\"color: red;\">stroked</span><span style=\"color: blue;\">=</span><span style=\"color: black;\">\"</span><span style=\"color: blue;\">f</span><span style=\"color: black;\">\"</span><span style=\"color: blue;\">&gt;</span>\r\n<span style=\"color: blue;\">&lt;</span><span style=\"color: #a31515;\">v</span><span style=\"color: blue;\">:</span><span style=\"color: #a31515;\">stroke</span> <span style=\"color: red;\">joinstyle</span><span style=\"color: blue;\">=</span><span style=\"color: black;\">\"</span><span style=\"color: blue;\">miter</span><span style=\"color: black;\">\"</span><span style=\"color: blue;\">/&gt;</span>\r\n<span style=\"color: blue;\">&lt;</span><span style=\"color: #a31515;\">v</span><span style=\"color: blue;\">:</span><span style=\"color: #a31515;\">formulas</span><span style=\"color: blue;\">&gt;</span>\r\n<span style=\"color: blue;\">&lt;</span><span style=\"color: #a31515;\">v</span><span style=\"color: blue;\">:</span><span style=\"color: #a31515;\">f</span> <span style=\"color: red;\">eqn</span><span style=\"color: blue;\">=</span><span style=\"color: black;\">\"</span><span style=\"color: blue;\">if lineDrawn pixelLineWidth 0</span><span style=\"color: black;\">\"</span><span style=\"color: blue;\">/&gt;</span>\r\n<span style=\"color: blue;\">&lt;</span><span style=\"color: #a31515;\">v</span><span style=\"color: blue;\">:</span><span style=\"color: #a31515;\">f</span> <span style=\"color: red;\">eqn</span><span style=\"color: blue;\">=</span><span style=\"color: black;\">\"</span><span style=\"color: blue;\">sum @0 1 0</span><span style=\"color: black;\">\"</span><span style=\"color: blue;\">/&gt;</span>\r\n<span style=\"color: blue;\">&lt;</span><span style=\"color: #a31515;\">v</span><span style=\"color: blue;\">:</span><span style=\"color: #a31515;\">f</span> <span style=\"color: red;\">eqn</span><span style=\"color: blue;\">=</span><span style=\"color: black;\">\"</span><span style=\"color: blue;\">sum 0 0 @1</span><span style=\"color: black;\">\"</span><span style=\"color: blue;\">/&gt;</span>\r\n<span style=\"color: blue;\">&lt;</span><span style=\"color: #a31515;\">v</span><span style=\"color: blue;\">:</span><span style=\"color: #a31515;\">f</span> <span style=\"color: red;\">eqn</span><span style=\"color: blue;\">=</span><span style=\"color: black;\">\"</span><span style=\"color: blue;\">prod @2 1 2</span><span style=\"color: black;\">\"</span><span style=\"color: blue;\">/&gt;</span>\r\n<span style=\"color: blue;\">&lt;</span><span style=\"color: #a31515;\">v</span><span style=\"color: blue;\">:</span><span style=\"color: #a31515;\">f</span> <span style=\"color: red;\">eqn</span><span style=\"color: blue;\">=</span><span style=\"color: black;\">\"</span><span style=\"color: blue;\">prod @3 21600 pixelWidth</span><span style=\"color: black;\">\"</span><span style=\"color: blue;\">/&gt;</span>\r\n<span style=\"color: blue;\">&lt;</span><span style=\"color: #a31515;\">v</span><span style=\"color: blue;\">:</span><span style=\"color: #a31515;\">f</span> <span style=\"color: red;\">eqn</span><span style=\"color: blue;\">=</span><span style=\"color: black;\">\"</span><span style=\"color: blue;\">prod @3 21600 pixelHeight</span><span style=\"color: black;\">\"</span><span style=\"color: blue;\">/&gt;</span>\r\n<span style=\"color: blue;\">&lt;</span><span style=\"color: #a31515;\">v</span><span style=\"color: blue;\">:</span><span style=\"color: #a31515;\">f</span> <span style=\"color: red;\">eqn</span><span style=\"color: blue;\">=</span><span style=\"color: black;\">\"</span><span style=\"color: blue;\">sum @0 0 1</span><span style=\"color: black;\">\"</span><span style=\"color: blue;\">/&gt;</span>\r\n<span style=\"color: blue;\">&lt;</span><span style=\"color: #a31515;\">v</span><span style=\"color: blue;\">:</span><span style=\"color: #a31515;\">f</span> <span style=\"color: red;\">eqn</span><span style=\"color: blue;\">=</span><span style=\"color: black;\">\"</span><span style=\"color: blue;\">prod @6 1 2</span><span style=\"color: black;\">\"</span><span style=\"color: blue;\">/&gt;</span>\r\n<span style=\"color: blue;\">&lt;</span><span style=\"color: #a31515;\">v</span><span style=\"color: blue;\">:</span><span style=\"color: #a31515;\">f</span> <span style=\"color: red;\">eqn</span><span style=\"color: blue;\">=</span><span style=\"color: black;\">\"</span><span style=\"color: blue;\">prod @7 21600 pixelWidth</span><span style=\"color: black;\">\"</span><span style=\"color: blue;\">/&gt;</span>\r\n<span style=\"color: blue;\">&lt;</span><span style=\"color: #a31515;\">v</span><span style=\"color: blue;\">:</span><span style=\"color: #a31515;\">f</span> <span style=\"color: red;\">eqn</span><span style=\"color: blue;\">=</span><span style=\"color: black;\">\"</span><span style=\"color: blue;\">sum @8 21600 0</span><span style=\"color: black;\">\"</span><span style=\"color: blue;\">/&gt;</span>\r\n<span style=\"color: blue;\">&lt;</span><span style=\"color: #a31515;\">v</span><span style=\"color: blue;\">:</span><span style=\"color: #a31515;\">f</span> <span style=\"color: red;\">eqn</span><span style=\"color: blue;\">=</span><span style=\"color: black;\">\"</span><span style=\"color: blue;\">prod @7 21600 pixelHeight</span><span style=\"color: black;\">\"</span><span style=\"color: blue;\">/&gt;</span>\r\n<span style=\"color: blue;\">&lt;</span><span style=\"color: #a31515;\">v</span><span style=\"color: blue;\">:</span><span style=\"color: #a31515;\">f</span> <span style=\"color: red;\">eqn</span><span style=\"color: blue;\">=</span><span style=\"color: black;\">\"</span><span style=\"color: blue;\">sum @10 21600 0</span><span style=\"color: black;\">\"</span><span style=\"color: blue;\">/&gt;</span>\r\n<span style=\"color: blue;\">&lt;/</span><span style=\"color: #a31515;\">v</span><span style=\"color: blue;\">:</span><span style=\"color: #a31515;\">formulas</span><span style=\"color: blue;\">&gt;</span>\r\n<span style=\"color: blue;\">&lt;</span><span style=\"color: #a31515;\">v</span><span style=\"color: blue;\">:</span><span style=\"color: #a31515;\">path</span> <span style=\"color: red;\">o:extrusionok</span><span style=\"color: blue;\">=</span><span style=\"color: black;\">\"</span><span style=\"color: blue;\">f</span><span style=\"color: black;\">\"</span> <span style=\"color: red;\">gradientshapeok</span><span style=\"color: blue;\">=</span><span style=\"color: black;\">\"</span><span style=\"color: blue;\">t</span><span style=\"color: black;\">\"</span> <span style=\"color: red;\">o:connecttype</span><span style=\"color: blue;\">=</span><span style=\"color: black;\">\"</span><span style=\"color: blue;\">rect</span><span style=\"color: black;\">\"</span><span style=\"color: blue;\">/&gt;</span>\r\n<span style=\"color: blue;\">&lt;</span><span style=\"color: #a31515;\">o</span><span style=\"color: blue;\">:</span><span style=\"color: #a31515;\">lock</span> <span style=\"color: red;\">v:ext</span><span style=\"color: blue;\">=</span><span style=\"color: black;\">\"</span><span style=\"color: blue;\">edit</span><span style=\"color: black;\">\"</span> <span style=\"color: red;\">aspectratio</span><span style=\"color: blue;\">=</span><span style=\"color: black;\">\"</span><span style=\"color: blue;\">t</span><span style=\"color: black;\">\"</span><span style=\"color: blue;\">/&gt;</span>\r\n<span style=\"color: blue;\">&lt;/</span><span style=\"color: #a31515;\">v</span><span style=\"color: blue;\">:</span><span style=\"color: #a31515;\">shapetype</span><span style=\"color: blue;\">&gt;</span>\r\n<span style=\"color: blue;\">&lt;</span><span style=\"color: #a31515;\">v</span><span style=\"color: blue;\">:</span><span style=\"color: #a31515;\">shape</span> <span style=\"color: red;\">id</span><span style=\"color: blue;\">=</span><span style=\"color: black;\">\"</span><span style=\"color: blue;\">_x0000_i1025</span><span style=\"color: black;\">\"</span> <span style=\"color: red;\">type</span><span style=\"color: blue;\">=</span><span style=\"color: black;\">\"</span><span style=\"color: blue;\">#_x0000_t75</span><span style=\"color: black;\">\"</span> <span style=\"color: red;\">style</span><span style=\"color: blue;\">=</span><span style=\"color: black;\">\"</span><span style=\"color: blue;\">width:76.5pt;height:49.5pt\" o:ole=\"</span><span style=\"color: black;\">\"</span><span style=\"color: blue;\">&gt;</span>\r\n<span style=\"color: blue;\">&lt;</span><span style=\"color: #a31515;\">v</span><span style=\"color: blue;\">:</span><span style=\"color: #a31515;\">imagedata</span> <span style=\"color: red;\">r:id</span><span style=\"color: blue;\">=</span><span style=\"color: black;\">\"</span><span style=\"color: blue;\">rId4\" o:title=\"</span><span style=\"color: black;\">\"</span><span style=\"color: blue;\">/&gt;</span>\r\n<span style=\"color: blue;\">&lt;/</span><span style=\"color: #a31515;\">v</span><span style=\"color: blue;\">:</span><span style=\"color: #a31515;\">shape</span><span style=\"color: blue;\">&gt;</span>\r\n<span style=\"color: blue;\">&lt;</span><span style=\"color: #a31515;\">o</span><span style=\"color: blue;\">:</span><span style=\"color: #a31515;\">OLEObject</span> <span style=\"color: red;\">Type</span><span style=\"color: blue;\">=</span><span style=\"color: black;\">\"</span><span style=\"color: blue;\">Embed</span><span style=\"color: black;\">\"</span> <span style=\"color: red;\">ProgID</span><span style=\"color: blue;\">=</span><span style=\"color: black;\">\"</span><span style=\"color: blue;\">AcroExch.Document.7</span><span style=\"color: black;\">\"</span> <span style=\"color: red;\">ShapeID</span><span style=\"color: blue;\">=</span><span style=\"color: black;\">\"</span><span style=\"color: blue;\">_x0000_i1025</span><span style=\"color: black;\">\"</span> <span style=\"color: red;\">DrawAspect</span><span style=\"color: blue;\">=</span><span style=\"color: black;\">\"</span><span style=\"color: blue;\">Icon</span><span style=\"color: black;\">\"</span> <span style=\"color: red;\">ObjectID</span><span style=\"color: blue;\">=</span><span style=\"color: black;\">\"</span><span style=\"color: blue;\">_1381766012</span><span style=\"color: black;\">\"</span> <span style=\"color: red;\">r:id</span><span style=\"color: blue;\">=</span><span style=\"color: black;\">\"</span><span style=\"color: blue;\">rId5</span><span style=\"color: black;\">\"</span><span style=\"color: blue;\">/&gt;</span>\r\n<span style=\"color: blue;\">&lt;/</span><span style=\"color: #a31515;\">w</span><span style=\"color: blue;\">:</span><span style=\"color: #a31515;\">object</span><span style=\"color: blue;\">&gt;</span>\r\n<span style=\"color: blue;\">&lt;/</span><span style=\"color: #a31515;\">w</span><span style=\"color: blue;\">:</span><span style=\"color: #a31515;\">r</span><span style=\"color: blue;\">&gt;</span>\r\n<span style=\"color: blue;\">&lt;/</span><span style=\"color: #a31515;\">w</span><span style=\"color: blue;\">:</span><span style=\"color: #a31515;\">p</span><span style=\"color: blue;\">&gt;</span>\r\nMaybe this helps...</pre>\r\n</div>\r\n</pre>\r\n</div>",
    "PostedDate": "2011-11-02T11:09:48.513-07:00",
    "UserRole": null,
    "MarkedAsAnswerDate": null
  }
]