[
  {
    "Id": "830740",
    "ThreadId": "354142",
    "Html": "\r\n<p>Hi All,</p>\r\n<p>Please How can i do for create a tabulation with phpword, i need apear the text like this:</p>\r\n<p>&nbsp;</p>\r\n<p>First Test</p>\r\n<p><span style=\"white-space:pre\"></span>Second Text</p>\r\n<p><span style=\"white-space:pre\"></span>Third Text</p>\r\n<p><span style=\"white-space:pre\"></span>...</p>\r\n<p><span style=\"white-space:pre\"></span>...</p>\r\n<p>.</p>\r\n<p>a nother question how put a line in a text. like this : &nbsp; <span style=\"text-decoration:underline\">\r\nText</span></p>\r\n<p>Help Please,</p>\r\n",
    "PostedDate": "2012-05-01T11:12:13.27-07:00",
    "UserRole": null,
    "MarkedAsAnswerDate": null
  }
]