[
  {
    "Id": "850689",
    "ThreadId": "360085",
    "Html": "\r\n<p>question 1 :&nbsp;<span>Directory</span><span> page number is not</span><span> correct</span></p>\r\n<p>&nbsp;</p>\r\n<p>&nbsp;</p>\r\n<p><span>question 2:now we have hyperlinks from the&nbsp;<span>Catalogto the text,and &nbsp;i also want a&nbsp;hyperlink to gao back to the catalogto.</span></span></p>\r\n<p>&nbsp;</p>\r\n<p>&nbsp;</p>\r\n<p><span><span>thanks for your reply!</span></span></p>\r\n",
    "PostedDate": "2012-06-18T22:48:37.797-07:00",
    "UserRole": null,
    "MarkedAsAnswerDate": null
  }
]