[
  {
    "Id": "857339",
    "ThreadId": "361940",
    "Html": "\r\n<p>it s possible to add an image to Template?</p>\r\n<p>&nbsp;</p>\r\n<p><span id=\"result_box\" lang=\"en\"><span>thanks in advance :-)<br>\r\n</span></span></p>\r\n",
    "PostedDate": "2012-07-04T05:44:36.513-07:00",
    "UserRole": null,
    "MarkedAsAnswerDate": null
  },
  {
    "Id": "945730",
    "ThreadId": "361940",
    "Html": "\r\n<p>Salamunti ya conguio insertar una imagen al template?</p>\r\n",
    "PostedDate": "2012-11-22T08:27:28.227-08:00",
    "UserRole": null,
    "MarkedAsAnswerDate": null
  }
]