[
  {
    "Id": "919243",
    "ThreadId": "397352",
    "Html": "\r\n<p>Hi ,</p>\r\n<p>Is there any way to create index for the generated document with page numbers ? e.g.</p>\r\n<p><strong>A</strong><br>\r\nAnimal 51,98<br>\r\nApple 11,54,99&nbsp;</p>\r\n<p><strong>B</strong><br>\r\nBasket 55&nbsp;<br>\r\n...<br>\r\n..etc&nbsp;</p>\r\n",
    "PostedDate": "2012-09-28T15:14:28.287-07:00",
    "UserRole": null,
    "MarkedAsAnswerDate": null
  },
  {
    "Id": "1432760",
    "ThreadId": "397352",
    "Html": "Hi ashox,\r<br />\ndid you find any solution?<br />\n",
    "PostedDate": "2015-07-01T08:05:12.867-07:00",
    "UserRole": null,
    "MarkedAsAnswerDate": null
  }
]