[
  {
    "Id": "1202684",
    "ThreadId": "528928",
    "Html": "Hello! How to configure it?<br />\n<br />\n<img src=\"http://s3.hostingkartinok.com/uploads/images/2014/02/4f230f331aa423b3d139b8ae6733d9e0.png\" alt=\"Image\" /><br />\n<br />\n<img src=\"http://s3.hostingkartinok.com/uploads/images/2014/02/98c80d16cec2f8bf86c554a3ba7b5beb.png\" alt=\"Image\" /><br />\n",
    "PostedDate": "2014-02-04T14:17:37.047-08:00",
    "UserRole": null,
    "MarkedAsAnswerDate": null
  },
  {
    "Id": "1209101",
    "ThreadId": "528928",
    "Html": "Anyone?<br />\n",
    "PostedDate": "2014-02-16T11:43:19.963-08:00",
    "UserRole": null,
    "MarkedAsAnswerDate": null
  },
  {
    "Id": "1211223",
    "ThreadId": "528928",
    "Html": "Yes please!!<br />\n",
    "PostedDate": "2014-02-20T08:23:57.603-08:00",
    "UserRole": null,
    "MarkedAsAnswerDate": null
  },
  {
    "Id": "1221208",
    "ThreadId": "528928",
    "Html": "Solution is here:\r<br />\n<a href=\"https://github.com/PHPOffice/PHPWord/issues/64\" rel=\"nofollow\">https://github.com/PHPOffice/PHPWord/issues/64</a><br />\n",
    "PostedDate": "2014-03-10T14:08:30.363-07:00",
    "UserRole": null,
    "MarkedAsAnswerDate": null
  },
  {
    "Id": "1224658",
    "ThreadId": "528928",
    "Html": "Ah, I see the source of your request, matasar :) Thanks.<br />\n",
    "PostedDate": "2014-03-19T22:05:15.14-07:00",
    "UserRole": null,
    "MarkedAsAnswerDate": null
  }
]