[
  {
    "Id": "1227332",
    "ThreadId": "540326",
    "Html": "Hi there,\r<br />\n<br />\nIs there any way to add foreground colours or specify a HEX and get the foreground colour to load?\r<br />\n<br />\nIf you can point me in the direction of where the fg colour is actually written to the word document I'd be happy to have a look at adding some code?\r<br />\n<br />\nThanks.<br />\n",
    "PostedDate": "2014-03-27T06:00:13.017-07:00",
    "UserRole": null,
    "MarkedAsAnswerDate": null
  }
]