[
  {
    "Id": "1308256",
    "ThreadId": "568400",
    "Html": "Hi<br />\n<br />\nIs it possible to set TOC spacing? It seems that default value is spacingAfter 10pt.<br />\n<br />\nThanks.<br />\n",
    "PostedDate": "2014-09-25T22:20:03.123-07:00",
    "UserRole": null,
    "MarkedAsAnswerDate": null
  },
  {
    "Id": "1432769",
    "ThreadId": "568400",
    "Html": "Hi,\r<br />\ndid you find a solution?<br />\n",
    "PostedDate": "2015-07-01T09:19:36.623-07:00",
    "UserRole": null,
    "MarkedAsAnswerDate": null
  }
]