[
  {
    "Id": "982012",
    "ThreadId": "428138",
    "Html": "\r\n<p>Hi,</p>\r\n<p>i've read all the feedback and questions concerning the ability to load a template and then replace a field with a &quot;table&quot;, i can get the template to work perfectly when replacing a word for a variable. However i have needed the ability to &quot;Loop&quot;\r\n through a result array, i know this could be done in a long method of using the xml tags, however what would be good would be todo this by using setvalue to replace a &quot;tag&quot; in the template with the contents of a table, eg this example is using examples\r\n from other posts here:</p>\r\n<p>&nbsp;</p>\r\n<p>&nbsp;&nbsp;&nbsp;&nbsp;&nbsp;&nbsp;&nbsp; $competences = array(<br>\r\n&nbsp;&nbsp;&nbsp;&nbsp;&nbsp;&nbsp;&nbsp;&nbsp;&nbsp;&nbsp;&nbsp;&nbsp;&nbsp;&nbsp;&nbsp; &quot;Developpement&quot;&nbsp; =&gt; array(<br>\r\n&nbsp;&nbsp;&nbsp;&nbsp;&nbsp;&nbsp;&nbsp;&nbsp;&nbsp;&nbsp;&nbsp;&nbsp;&nbsp;&nbsp;&nbsp;&nbsp;&nbsp;&nbsp;&nbsp;&nbsp;&nbsp; &quot;JAVA&quot;,&quot;PHP&quot;,&quot;HTML&quot;),<br>\r\n<br>\r\n&nbsp;&nbsp;&nbsp;&nbsp;&nbsp;&nbsp;&nbsp;&nbsp;&nbsp;&nbsp;&nbsp;&nbsp;&nbsp;&nbsp;&nbsp; &quot;Data base&quot;&nbsp; =&gt; array(<br>\r\n&nbsp;&nbsp;&nbsp;&nbsp;&nbsp;&nbsp;&nbsp;&nbsp;&nbsp;&nbsp;&nbsp;&nbsp;&nbsp;&nbsp;&nbsp;&nbsp;&nbsp;&nbsp;&nbsp;&nbsp;&nbsp; &quot;ORACLE&quot;,&quot;MYSQL&quot;,&quot;DATABASE&quot;),<br>\r\n<br>\r\n&nbsp;&nbsp;&nbsp;&nbsp;&nbsp;&nbsp;&nbsp;&nbsp;&nbsp;&nbsp;&nbsp;&nbsp;&nbsp;&nbsp;&nbsp; &quot;Framework&quot;&nbsp; =&gt; array(<br>\r\n&nbsp;&nbsp;&nbsp;&nbsp;&nbsp;&nbsp;&nbsp;&nbsp;&nbsp;&nbsp;&nbsp;&nbsp;&nbsp;&nbsp;&nbsp;&nbsp;&nbsp;&nbsp;&nbsp;&nbsp;&nbsp; &quot;LIEFRY&quot; ,&quot;STRUTS&quot; ,&quot;NOHETO&quot;<br>\r\n&nbsp;&nbsp;&nbsp;&nbsp;&nbsp;&nbsp;&nbsp; &nbsp;&nbsp;&nbsp; &nbsp;&nbsp;&nbsp; &nbsp;&nbsp;&nbsp; &nbsp; )<br>\r\n&nbsp;&nbsp;&nbsp;&nbsp;&nbsp;&nbsp;&nbsp; );<br>\r\n<br>\r\n&nbsp;&nbsp;&nbsp;&nbsp;&nbsp;&nbsp;&nbsp; $load_file =&quot;C:/wamp/www/adminv3/Template.docx&quot;;<br>\r\n&nbsp;&nbsp;&nbsp;&nbsp;&nbsp;&nbsp;&nbsp; $save_file = 'worddocs/test.docx';<br>\r\n&nbsp;&nbsp;&nbsp;&nbsp;&nbsp;&nbsp;&nbsp; $this-&gt;load-&gt;library('word');<br>\r\n&nbsp;&nbsp;&nbsp;&nbsp;&nbsp;&nbsp;&nbsp; $document = $this-&gt;word-&gt;loadTemplate('C:/wamp/www/test/file_templates/minutes.docx');<br>\r\n<br>\r\n&nbsp;&nbsp;&nbsp;&nbsp;&nbsp;&nbsp;&nbsp; $tabledoc = $this-&gt;word-&gt;createSection();<br>\r\n<br>\r\n<br>\r\n&nbsp;&nbsp;&nbsp;&nbsp;&nbsp;&nbsp;&nbsp; $section = $this-&gt;word-&gt;createSection();<br>\r\n&nbsp;&nbsp;&nbsp;&nbsp;&nbsp;&nbsp; &nbsp;&nbsp;&nbsp; $table = $section-&gt;addTable();<br>\r\n&nbsp;&nbsp;&nbsp;&nbsp;&nbsp;&nbsp; &nbsp;&nbsp;&nbsp; foreach($competences as $cle1 =&gt; $valeur1)<br>\r\n&nbsp;&nbsp;&nbsp;&nbsp;&nbsp;&nbsp; &nbsp;&nbsp;&nbsp; &nbsp;&nbsp;&nbsp; {<br>\r\n&nbsp;&nbsp;&nbsp;&nbsp;&nbsp;&nbsp; &nbsp;&nbsp;&nbsp; &nbsp;&nbsp;&nbsp; &nbsp;&nbsp;&nbsp; foreach ($valeur1 as $cle2=&gt;$valeur2)<br>\r\n<br>\r\n&nbsp;&nbsp;&nbsp;&nbsp;&nbsp;&nbsp; &nbsp;&nbsp;&nbsp; &nbsp;&nbsp;&nbsp; &nbsp;&nbsp;&nbsp; {<br>\r\n&nbsp;&nbsp;&nbsp;&nbsp;&nbsp;&nbsp; &nbsp;&nbsp;&nbsp; &nbsp;&nbsp;&nbsp; &nbsp;&nbsp;&nbsp; &nbsp;$table-&gt;addRow();<br>\r\n&nbsp;&nbsp;&nbsp;&nbsp;&nbsp;&nbsp; &nbsp;&nbsp;&nbsp; &nbsp;&nbsp;&nbsp; &nbsp;&nbsp;&nbsp; &nbsp;$table-&gt;addCell(1750)-&gt;addText(&quot;$cle1,$valeur2&quot;);<br>\r\n&nbsp;&nbsp;&nbsp;&nbsp;&nbsp;&nbsp; &nbsp;&nbsp;&nbsp; &nbsp;&nbsp;&nbsp; &nbsp;&nbsp;&nbsp; }<br>\r\n&nbsp;&nbsp;&nbsp;&nbsp;&nbsp;&nbsp; &nbsp;&nbsp;&nbsp; &nbsp;&nbsp;&nbsp; }<br>\r\n&nbsp;&nbsp;&nbsp; //&nbsp;&nbsp;&nbsp; print_r($table);<br>\r\n&nbsp;&nbsp;&nbsp;&nbsp;&nbsp;&nbsp;&nbsp; echo $document-&gt;writeDocumentRels($section);<br>\r\n&nbsp;&nbsp;&nbsp;&nbsp;&nbsp;&nbsp;&nbsp; echo $this-&gt;word-&gt;_documentXML;<br>\r\n&nbsp;&nbsp;&nbsp;&nbsp;&nbsp;&nbsp;&nbsp; echo $document-&gt;_documentXML;<br>\r\n&nbsp;&nbsp;&nbsp;&nbsp;&nbsp;&nbsp;&nbsp; exit;</p>\r\n<p>&nbsp;</p>\r\n<p>&nbsp; $document-&gt;setValue('date', $table);</p>\r\n<p>&nbsp;</p>\r\n<p>The issue is that $table is still an object, is there a way to get the xml of that table or section object?</p>\r\n<p>You can see i've tried playing with it</p>\r\n",
    "PostedDate": "2012-12-31T11:26:52.227-08:00",
    "UserRole": null,
    "MarkedAsAnswerDate": null
  }
]