[
  {
    "Id": "565036",
    "ThreadId": "245728",
    "Html": "<p>Hello,</p>\n<p>&nbsp;</p>\n<p style=\"margin-bottom: 0cm;\">I am trying to use pageSizeW command to set the size of my word document.I am getting the error.Any anyone plz tell whats is the correct way to declare it,</p>\n<p style=\"margin-bottom: 0cm;\">I have done something as below</p>\n<p style=\"margin-bottom: 0cm;\">$section = $PHPWord-&gt;createSection();</p>\n<p style=\"margin-bottom: 0cm;\">$sectionStyle = $section-&gt;getSettings();</p>\n<p style=\"margin-bottom: 0cm;\">$sectionStyle-&gt;setPageSizeW();</p>\n<p>&nbsp;</p>",
    "PostedDate": "2011-02-11T22:58:44.183-08:00",
    "UserRole": null,
    "MarkedAsAnswerDate": null
  },
  {
    "Id": "565431",
    "ThreadId": "245728",
    "Html": "<p>This works for me. I needed to print a small card. Units of measure are in twips.</p>\r\n<p>\r\n<div style=\"color: black; background-color: white;\">\r\n<pre>$section = $PHPWord-&gt;createSection(\r\n  <span style=\"color: blue;\">array</span>( <span style=\"color: #a31515;\">'marginLeft'</span>=&gt;210, <span style=\"color: #a31515;\">'marginRight'</span>=&gt;200, <span style=\"color: #a31515;\">'marginTop'</span>=&gt;620, <span style=\"color: #a31515;\">'marginBottom'</span>=&gt;0, <span style=\"color: #a31515;\">'pageSizeW'</span>=&gt;3038.4, <span style=\"color: #a31515;\">'pageSizeH'</span>=&gt;4847.04));\r\n</pre>\r\n</div>\r\n</p>",
    "PostedDate": "2011-02-13T08:06:44.657-08:00",
    "UserRole": null,
    "MarkedAsAnswerDate": null
  },
  {
    "Id": "1288585",
    "ThreadId": "245728",
    "Html": "Good jillelaine, it works fine. But that size in milimeter, pixel or others? and how about set to general size such as F4, A4 etc? <br />\n",
    "PostedDate": "2014-08-10T00:32:21.477-07:00",
    "UserRole": null,
    "MarkedAsAnswerDate": null
  },
  {
    "Id": "1288640",
    "ThreadId": "245728",
    "Html": "&quot;Twip&quot; is a unit of measurement equal to 1/20th of a printers point. There are 1440 twips to and inch, 567 twips to a centimeter. <a href=\"http://support.microsoft.com/kb/76388\" rel=\"nofollow\">http://support.microsoft.com/kb/76388</a>\r<br />\n<br />\nYou should also check out the phpWord development on github: \r<br />\n<br />\nThey have added the ability to use measurement unit other than twips with setMeasurementUnit, thanks to ivanlanin, and many other features and bugfixes. <a href=\"https://github.com/PHPOffice/PHPWord/\" rel=\"nofollow\">https://github.com/PHPOffice/PHPWord/</a><br />\n",
    "PostedDate": "2014-08-10T07:53:55.503-07:00",
    "UserRole": null,
    "MarkedAsAnswerDate": null
  }
]