[
  {
    "Id": "658222",
    "ThreadId": "269095",
    "Html": "\r\n<p>hi guys hope u can help me with an issue, what i'd like to do is to have a multiple formatting for the text in a cell...</p>\r\n<p>say for example in a cell i have</p>\r\n<p>http://www.example.com please visit..</p>\r\n<p>what i'd like to do is to have the link be of different color and the rest of the text is in bold... is that possible????</p>\r\n<p>thanks in advance!!!</p>\r\n",
    "PostedDate": "2011-08-15T02:59:11.963-07:00",
    "UserRole": null,
    "MarkedAsAnswerDate": null
  }
]