[
  {
    "Id": "722856",
    "ThreadId": "285543",
    "Html": "\r\n<p>&lt;?php<br>\r\nerror_reporting(E_ALL);<br>\r\nrequire_once '../PHPWord.php';<br>\r\n<br>\r\n// New Word Document<br>\r\n$PHPWord = new PHPWord();<br>\r\n<br>\r\n// New portrait section<br>\r\n$section = $PHPWord-&gt;createSection();<br>\r\n<br>\r\n// Define table style arrays<br>\r\n$styleTable = array('borderSize'=&gt;0, 'cellMargin'=&gt;80);<br>\r\n$styleFirstRow = array('borderTopSize'=&gt;18, 'borderTopColor'=&gt;'008000');<br>\r\n$styleLastRow = array('borderBottomSize'=&gt;18, 'borderBottomColor'=&gt;'008000');<br>\r\n// Define cell style arrays<br>\r\n$styleCell = array('valign'=&gt;'center');<br>\r\n$styleCellBTLR = array('valign'=&gt;'center', 'textDirection'=&gt;PHPWord_Style_Cell::TEXT_DIR_BTLR);<br>\r\n<br>\r\n// Define font style for first row<br>\r\n$fontStyle = array('bold'=&gt;true, 'align'=&gt;'center');<br>\r\n<br>\r\n// Add table style<br>\r\n$PHPWord-&gt;addTableStyle('myOwnTableStyle', $styleTable, $styleFirstRow,$styleLastRow);<br>\r\n<br>\r\n// Add table<br>\r\n$table = $section-&gt;addTable('myOwnTableStyle');<br>\r\n<br>\r\n// Add row<br>\r\n$table-&gt;addRow(900);<br>\r\n<br>\r\n// Add cells<br>\r\n$table-&gt;addCell(2000, $styleCell)-&gt;addText('Row 1', $fontStyle);<br>\r\n$table-&gt;addCell(2000, $styleCell)-&gt;addText('Row 2', $fontStyle);<br>\r\n$table-&gt;addCell(2000, $styleCell)-&gt;addText('Row 3', $fontStyle);<br>\r\n$table-&gt;addCell(2000, $styleCell)-&gt;addText('Row 4', $fontStyle);<br>\r\n$table-&gt;addCell(500, $styleCellBTLR)-&gt;addText('Row 5', $fontStyle);<br>\r\n<br>\r\n// Add more rows / cells<br>\r\nfor($i = 1; $i &lt;= 10; $i&#43;&#43;) {<br>\r\n&nbsp;&nbsp;&nbsp; $table-&gt;addRow();<br>\r\n&nbsp;&nbsp;&nbsp; $table-&gt;addCell(2000)-&gt;addText(&quot;Cell $i&quot;);<br>\r\n&nbsp;&nbsp;&nbsp; $table-&gt;addCell(2000)-&gt;addText(&quot;Cell $i&quot;);<br>\r\n&nbsp;&nbsp;&nbsp; $table-&gt;addCell(2000)-&gt;addText(&quot;Cell $i&quot;);<br>\r\n&nbsp;&nbsp;&nbsp; $table-&gt;addCell(2000)-&gt;addText(&quot;Cell $i&quot;);<br>\r\n<br>\r\n&nbsp;&nbsp;&nbsp; $text = ($i % 2 == 0) ? 'X' : '';<br>\r\n&nbsp;&nbsp;&nbsp; $table-&gt;addCell(500)-&gt;addText($text);<br>\r\n}<br>\r\n<br>\r\n<br>\r\n// Save File<br>\r\n$objWriter = PHPWord_IOFactory::createWriter($PHPWord, 'Word2007');<br>\r\n$objWriter-&gt;save('AdvancedTable.docx');<br>\r\n?&gt;</p>\r\n<p>&nbsp;</p>\r\n<p>&nbsp;</p>\r\n<p>&nbsp;</p>\r\n",
    "PostedDate": "2012-01-09T18:39:00.16-08:00",
    "UserRole": null,
    "MarkedAsAnswerDate": null
  }
]