[
  {
    "Id": "565130",
    "ThreadId": "245759",
    "Html": "\r\n<p><span title=\"Zur Anzeige alternativer Übersetzungen klicken\">Hello</span><span title=\"Zur Anzeige alternativer Übersetzungen klicken\">!</span><br>\r\n<br>\r\n<span title=\"Zur Anzeige alternativer Übersetzungen klicken\">Sorry</span><span title=\"Zur Anzeige alternativer Übersetzungen klicken\">,</span>&nbsp;<span title=\"Zur Anzeige alternativer Übersetzungen klicken\">but</span>&nbsp;<span title=\"Zur Anzeige alternativer Übersetzungen klicken\">my</span>&nbsp;<span title=\"Zur Anzeige alternativer Übersetzungen klicken\">English</span>&nbsp;<span title=\"Zur Anzeige alternativer Übersetzungen klicken\">is</span>&nbsp;<span title=\"Zur Anzeige alternativer Übersetzungen klicken\">not\r\n so good</span><span title=\"Zur Anzeige alternativer Übersetzungen klicken\">.</span><br>\r\n<span title=\"Zur Anzeige alternativer Übersetzungen klicken\"><br>\r\nBetween</span>&nbsp;<span title=\"Zur Anzeige alternativer Übersetzungen klicken\">two</span>&nbsp;<span title=\"Zur Anzeige alternativer Übersetzungen klicken\">rows</span>&nbsp;<span title=\"Zur Anzeige alternativer Übersetzungen klicken\">-</span>&nbsp;<span title=\"Zur Anzeige alternativer Übersetzungen klicken\">2x</span>&nbsp;<span title=\"Zur Anzeige alternativer Übersetzungen klicken\">addText</span>&nbsp;<span title=\"Zur Anzeige alternativer Übersetzungen klicken\">()</span>&nbsp;<span title=\"Zur Anzeige alternativer Übersetzungen klicken\">-</span>&nbsp;<span title=\"Zur Anzeige alternativer Übersetzungen klicken\">i\r\n get</span>&nbsp;<span title=\"Zur Anzeige alternativer Übersetzungen klicken\">a</span>&nbsp;<span title=\"Zur Anzeige alternativer Übersetzungen klicken\">distance</span><span title=\"Zur Anzeige alternativer Übersetzungen klicken\">:</span><br>\r\n<span title=\"Zur Anzeige alternativer Übersetzungen klicken\"><br>\r\nLine</span>&nbsp;<span title=\"Zur Anzeige alternativer Übersetzungen klicken\">1</span><br>\r\n<br>\r\n<span title=\"Zur Anzeige alternativer Übersetzungen klicken\">Line</span>&nbsp;<span title=\"Zur Anzeige alternativer Übersetzungen klicken\">2</span></p>\r\n<p><span title=\"Zur Anzeige alternativer Übersetzungen klicken\">How can</span>&nbsp;<span title=\"Zur Anzeige alternativer Übersetzungen klicken\">you</span>&nbsp;<span title=\"Zur Anzeige alternativer Übersetzungen klicken\">prevent</span>&nbsp;<span title=\"Zur Anzeige alternativer Übersetzungen klicken\">it?</span><br>\r\n<span title=\"Zur Anzeige alternativer Übersetzungen klicken\"><br>\r\nLine</span>&nbsp;<span title=\"Zur Anzeige alternativer Übersetzungen klicken\">1</span><br>\r\n<span title=\"Zur Anzeige alternativer Übersetzungen klicken\">Line</span>&nbsp;<span title=\"Zur Anzeige alternativer Übersetzungen klicken\">2<br>\r\n&nbsp;</span></p>\r\n<p><span title=\"Zur Anzeige alternativer Übersetzungen klicken\">Thx<br>\r\nderSESO&nbsp;</span></p>\r\n",
    "PostedDate": "2011-02-12T07:15:32.667-08:00",
    "UserRole": null,
    "MarkedAsAnswerDate": null
  },
  {
    "Id": "565202",
    "ThreadId": "245759",
    "Html": "<p><span title=\"Danke ...\">Thanks ...&nbsp;</span><span title=\"habe es herausgefunden.\">have found it.&nbsp;</span><span title=\":)\">:)&nbsp;</span></p>\r\n<p>-&gt; &nbsp;spaceAfter</p>",
    "PostedDate": "2011-02-12T11:24:27.44-08:00",
    "UserRole": null,
    "MarkedAsAnswerDate": null
  },
  {
    "Id": "581174",
    "ThreadId": "245759",
    "Html": "<blockquote style=\"border: 0.1em solid #cccccc; font-style: italic; margin: 0.25em 1em 0pt; padding: 0pt 0.25em;\"><strong>derSESO wrote:</strong><br />\r\n<p><span title=\"Danke ...\">Thanks ...&nbsp;</span><span title=\"habe es herausgefunden.\">have found it.&nbsp;</span><span title=\":)\">:)&nbsp;</span></p>\r\n<p>-&gt; &nbsp;spaceAfter</p>\r\n</blockquote>\r\n<p>Hi I got same problem but with spaceAfter, i didnt get solved pls help me in that</p>",
    "PostedDate": "2011-03-15T23:04:11.853-07:00",
    "UserRole": null,
    "MarkedAsAnswerDate": null
  }
]