[
  {
    "Id": "990382",
    "ThreadId": "430457",
    "Html": "\r\n<p>Hello!<br>\r\nI need add a &quot;ul<span style=\"font-size:10pt\">&quot; in my template&nbsp;but not how.</span></p>\r\n<p><span style=\"font-size:10pt\">&nbsp;</span><span style=\"font-size:10pt\">its possible add ul in &quot;setValue&quot;</span><span style=\"font-size:10pt\">?</span></p>\r\n<ul>\r\n<li>\r\n<ul>\r\nThanks!!&nbsp;\r\n<p>&nbsp;</p>\r\n</ul>\r\n</li></ul>\r\n",
    "PostedDate": "2013-01-22T08:25:47.323-08:00",
    "UserRole": null,
    "MarkedAsAnswerDate": null
  }
]