[
  {
    "Id": "487529",
    "ThreadId": "225616",
    "Html": "<p>Hi, is it possible to save the file as word 2003 (.doc)?</p>\r\n<p>Thanks!</p>",
    "PostedDate": "2010-09-01T05:02:35.73-07:00",
    "UserRole": null,
    "MarkedAsAnswerDate": null
  },
  {
    "Id": "504404",
    "ThreadId": "225616",
    "Html": "<p>Hi bkolicoski,</p>\r\n<p>&iquest;Did you try change the name of the file from &quot;.docx&quot; to &quot;.doc&quot;?, it's works fine for me.</p>\r\n<p><span id=\"result_box\" lang=en><span>Greetings!</span></span></p>",
    "PostedDate": "2010-10-08T10:42:02.323-07:00",
    "UserRole": null,
    "MarkedAsAnswerDate": null
  },
  {
    "Id": "534761",
    "ThreadId": "225616",
    "Html": "\r\n<p>hello oscar_andres,</p>\r\n<p><span id=\"x_x_x_result_box\" lang=\"en\"><span>I tried your method,but it can't be opened in somebody's computers.Error Message is &quot;</span></span>Choice of encoding<span id=\"x_x_x_result_box\" lang=\"en\"><span>&quot;.</span></span><span id=\"x_x_x_result_box\" lang=\"en\"><span style=\"color:#000000\">It\r\n is garbled.</span></span><span id=\"x_x_x_result_box\" lang=\"en\"><span>If change their file name from &quot;.doc&quot; to &quot;.docx&quot;,it can work.Our coding is 'gb2312'.I use the PHPWord's &quot;template&quot;\r\n</span></span><span id=\"x_result_box\" lang=\"en\"><span style=\"color:#000000\">Module.</span></span><span id=\"x_result_box\" lang=\"en\"><span style=\"color:#000000\">The\r\n</span></span><span id=\"x_result_box\" lang=\"en\"><span style=\"color:#000000\">version is :</span></span><span id=\"x_TitleLabel\">PHPWord 0.6.2 Beta.</span></p>\r\n",
    "PostedDate": "2010-12-12T15:06:37.28-08:00",
    "UserRole": null,
    "MarkedAsAnswerDate": null
  }
]