[
  {
    "Id": "919905",
    "ThreadId": "397489",
    "Html": "\r\n<p>How can i read doc, docx files from this library. I need to display these files in a overlay to just read. How can i do it properly.</p>\r\n",
    "PostedDate": "2012-10-01T00:36:16.947-07:00",
    "UserRole": null,
    "MarkedAsAnswerDate": null
  },
  {
    "Id": "923261",
    "ThreadId": "397489",
    "Html": "<p>the same question, &nbsp;is there somebody know it?</p>",
    "PostedDate": "2012-10-07T23:42:54.79-07:00",
    "UserRole": null,
    "MarkedAsAnswerDate": null
  }
]