[
  {
    "Id": "1465004",
    "ThreadId": "651898",
    "Html": "the Sample Chart 32 only has the type of graph but does not have to add caption and how to feed their part, someone has a more complete example , like the image below\r<br />\n<br />\nthanks in advance\r<br />\n<br />\n<br />\n<img src=\"http://www.phpdocx.com/img/sampleScripts/WordContent/example_addChart_1.png\" alt=\"Image\" /><br />\n",
    "PostedDate": "2016-02-29T07:42:24.29-08:00",
    "UserRole": null,
    "MarkedAsAnswerDate": null
  }
]