[
  {
    "Id": "802559",
    "ThreadId": "346562",
    "Html": "<p>Hello,</p>\n<p><span>How i&nbsp;</span><span>insert the</span><span>&nbsp;</span><span>numbers</span><span>&nbsp;</span><span>in the ListItem (for&nbsp;&nbsp;titles/headings) not nested</span><span>?</span></p>\n<p>Example:</p>\n<p>1. Introduction</p>\n<p>1.2. Description</p>\n<p>1.3. Other</p>\n<p>2. Other Heading</p>\n<p>3. Etc</p>\n<p><span class=\"hps\">Also</span><span>,</span><span>&nbsp;</span><span class=\"hps\">when I insert</span><span>&nbsp;</span><span class=\"hps\">the number</span><span>&nbsp;</span><span class=\"hps\">is always</span><span>&nbsp;</span><span class=\"hps\">the same size</span><span>.</span><span>&nbsp;</span><span class=\"hps\">How</span><span>&nbsp;</span><span class=\"hps\">I can change</span><span>&nbsp;</span><span class=\"hps\">the size?</span></p>",
    "PostedDate": "2012-02-28T05:06:23.93-08:00",
    "UserRole": null,
    "MarkedAsAnswerDate": null
  }
]