[
  {
    "Id": "716354",
    "ThreadId": "283957",
    "Html": "\r\n<p>I want to have 2 different headers. A header for the frontpage and a header for the 2nd page and further. The problem is that I don't know if a document contains 1 page or more than one page before I created the Word document, because it's dynamically created.\r\n How can i fixed this?</p>\r\n<p>Any help would be welcome.</p>\r\n<p>Best regards,</p>\r\n<p>Fabian</p>\r\n",
    "PostedDate": "2011-12-22T15:39:10.4-08:00",
    "UserRole": null,
    "MarkedAsAnswerDate": null
  }
]