[
  {
    "Id": "777709",
    "ThreadId": "325331",
    "Html": "\r\n<p>I did nead a parameter for cols on a page, split a page in 2 cols. With thanks to &#65279;jillelain (see discussion Height header) I managed to add some code. I publish it here, maybe somebody need it or it can be added to a next release PHPWord.</p>\r\n<p>Settings php:&#65279;&#65279;&#65279;&#65279;</p>\r\n<pre>\tprivate $_colsNum;\r\n\tprivate $_colsSpace;\r\n</pre>\r\n<pre>In construct:</pre>\r\n<pre>\t$this-&gt;_colsNum = 1;\r\n\t$this-&gt;_colsSpace = 720;\r\n</pre>\r\n<pre>Add functions:</pre>\r\n<pre><pre>\tpublic function getColsNum() {\r\n\t\treturn $this-&gt;_colsNum;\r\n\t}\r\n\tpublic function setColsNum($pValue = '') {\r\n\t\t$this-&gt;_colsNum = $pValue;\r\n\t\treturn $this;\r\n\t}\r\n\tpublic function getColsSpace() {\r\n\t\treturn $this-&gt;_colsSpace;\r\n\t}\r\n\tpublic function setColsSpace($pValue = '') {\r\n\t\t$this-&gt;_colsSpace = $pValue;\r\n\t\treturn $this;\r\n\t}\r\n</pre>\r\n<pre>In document.php</pre>\r\n<pre>In _&#65279;writeEndSection:</pre>\r\n<pre><pre>\t$colsNum = $_settings-&gt;getColsNum(); </pre>\r\n<pre>\t$colsSpace = $_settings-&gt;getColsSpace();</pre>\r\n<pre>&#65279;<pre>$objWriter-&gt;startElement('w:cols'); </pre>\r\n<pre>// add ability to add more than one column and adjuist space </pre>\r\n<pre>if($colsNum &gt; 1){ </pre>\r\n<pre>  $objWriter-&gt;writeAttribute('w:num', $colsNum); </pre>\r\n<pre>}</pre>\r\n<pre>$objWriter-&gt;writeAttribute('w:space', $colsSpace); </pre>\r\n<pre>//$objWriter-&gt;writeAttribute('w:space', '720');</pre>\r\n<pre>Good luck</pre>\r\n</pre>\r\n</pre>\r\n</pre>\r\n",
    "PostedDate": "2012-02-18T09:51:09.037-08:00",
    "UserRole": null,
    "MarkedAsAnswerDate": null
  },
  {
    "Id": "777845",
    "ThreadId": "325331",
    "Html": "<p>Great! Good for you!</p>",
    "PostedDate": "2012-02-18T11:30:43.787-08:00",
    "UserRole": null,
    "MarkedAsAnswerDate": null
  },
  {
    "Id": "857945",
    "ThreadId": "325331",
    "Html": "<p>how to add column with those code? any example?</p>",
    "PostedDate": "2012-07-05T09:39:48.963-07:00",
    "UserRole": null,
    "MarkedAsAnswerDate": null
  },
  {
    "Id": "857973",
    "ThreadId": "325331",
    "Html": "<p>ahh found it</p>\r\n<p>just create section with an array parameter</p>\r\n<p>\r\n<div style=\"color: black; background-color: white;\">\r\n<pre>$section = $this-&gt;phpword-&gt;createSection(\r\n\t<span style=\"color: blue;\">array</span>(\r\n\t\t<span style=\"color: #a31515;\">'_colsNum'</span>\t=&gt; 2\r\n\t)\r\n);\r\n</pre>\r\n</div>\r\ni used it in codeigniter and works! :D</p>",
    "PostedDate": "2012-07-05T10:23:32.43-07:00",
    "UserRole": null,
    "MarkedAsAnswerDate": null
  },
  {
    "Id": "892073",
    "ThreadId": "325331",
    "Html": "\r\n<p>Works!</p>\r\n<p>thank you.</p>\r\n<p>NB: should be</p>\r\n<pre><span style=\"color:#a31515\">'colsNum'</span>\t=&gt; 2</pre>\r\n<p><br>\r\n<br>\r\nI include your code and the code of <a href=\"http://www.codeplex.com/site/users/view/johnnyhogenbirk\">\r\njohnnyhogenbirk</a>:<br>\r\nhttp://phpword.codeplex.com/discussions/316726<br>\r\n<br>\r\ninto my code.<br>\r\nFor people interested:<br>\r\n<br>\r\n</p>\r\n<pre>PHPWord/Section/Settings.php:<br><br>&lt;?php<br>/**<br>&nbsp;* PHPWord<br>&nbsp;*<br>&nbsp;* Copyright (c) 2011 PHPWord<br>&nbsp;*<br>&nbsp;* This library is free software; you can redistribute it and/or<br>&nbsp;* modify it under the terms of the GNU Lesser General Public<br>&nbsp;* License as published by the Free Software Foundation; either<br>&nbsp;* version 2.1 of the License, or (at your option) any later version.<br>&nbsp;*<br>&nbsp;* This library is distributed in the hope that it will be useful,<br>&nbsp;* but WITHOUT ANY WARRANTY; without even the implied warranty of<br>&nbsp;* MERCHANTABILITY or FITNESS FOR A PARTICULAR PURPOSE.&nbsp; See the GNU<br>&nbsp;* Lesser General Public License for more details.<br>&nbsp;*<br>&nbsp;* You should have received a copy of the GNU Lesser General Public<br>&nbsp;* License along with this library; if not, write to the Free Software<br>&nbsp;* Foundation, Inc., 51 Franklin Street, Fifth Floor, Boston, MA&nbsp; 02110-1301&nbsp; USA<br>&nbsp;*<br>&nbsp;* @category&nbsp;&nbsp; PHPWord<br>&nbsp;* @package&nbsp;&nbsp;&nbsp; PHPWord<br>&nbsp;* @copyright&nbsp; Copyright (c) 010 PHPWord<br>&nbsp;* @license&nbsp;&nbsp;&nbsp; http://www.gnu.org/licenses/old-licenses/lgpl-2.1.txt&nbsp;&nbsp;&nbsp; LGPL<br>&nbsp;* @version&nbsp;&nbsp;&nbsp; Beta 0.6.3, 08.07.2011<br>&nbsp;*/<br><br><br>/**<br>&nbsp;* PHPWord_Section_Settings<br>&nbsp;*<br>&nbsp;* @category&nbsp;&nbsp; PHPWord<br>&nbsp;* @package&nbsp;&nbsp;&nbsp; PHPWord_Section<br>&nbsp;* @copyright&nbsp; Copyright (c) 2011 PHPWord<br>&nbsp;*/<br>class PHPWord_Section_Settings {<br>&nbsp;&nbsp;&nbsp; <br>&nbsp;&nbsp;&nbsp; /**<br>&nbsp;&nbsp;&nbsp; &nbsp;* Default Page Size Width<br>&nbsp;&nbsp;&nbsp; &nbsp;* <br>&nbsp;&nbsp;&nbsp; &nbsp;* @var int<br>&nbsp;&nbsp;&nbsp; &nbsp;*/<br>&nbsp;&nbsp;&nbsp; private $_defaultPageSizeW = 11906;<br>&nbsp;&nbsp;&nbsp; <br>&nbsp;&nbsp;&nbsp; /**<br>&nbsp;&nbsp;&nbsp; &nbsp;* Default Page Size Height<br>&nbsp;&nbsp;&nbsp; &nbsp;* <br>&nbsp;&nbsp;&nbsp; &nbsp;* @var int<br>&nbsp;&nbsp;&nbsp; &nbsp;*/<br>&nbsp;&nbsp;&nbsp; private $_defaultPageSizeH = 16838;<br>&nbsp;&nbsp;&nbsp; <br>&nbsp;&nbsp;&nbsp; /**<br>&nbsp;&nbsp;&nbsp; &nbsp;* Page Orientation<br>&nbsp;&nbsp;&nbsp; &nbsp;* <br>&nbsp;&nbsp;&nbsp; &nbsp;* @var string<br>&nbsp;&nbsp;&nbsp; &nbsp;*/<br>&nbsp;&nbsp;&nbsp; private $_orientation;<br>&nbsp;&nbsp;&nbsp; <br>&nbsp;&nbsp;&nbsp; /**<br>&nbsp;&nbsp;&nbsp; &nbsp;* Page Margin Top<br>&nbsp;&nbsp;&nbsp; &nbsp;* <br>&nbsp;&nbsp;&nbsp; &nbsp;* @var int<br>&nbsp;&nbsp;&nbsp; &nbsp;*/<br>&nbsp;&nbsp;&nbsp; private $_marginTop;<br>&nbsp;&nbsp;&nbsp; <br>&nbsp;&nbsp;&nbsp; /**<br>&nbsp;&nbsp;&nbsp; &nbsp;* Page Margin Left<br>&nbsp;&nbsp;&nbsp; &nbsp;* <br>&nbsp;&nbsp;&nbsp; &nbsp;* @var int<br>&nbsp;&nbsp;&nbsp; &nbsp;*/<br>&nbsp;&nbsp;&nbsp; private $_marginLeft;<br>&nbsp;&nbsp;&nbsp; <br>&nbsp;&nbsp;&nbsp; /**<br>&nbsp;&nbsp;&nbsp; &nbsp;* Page Margin Right<br>&nbsp;&nbsp;&nbsp; &nbsp;* <br>&nbsp;&nbsp;&nbsp; &nbsp;* @var int<br>&nbsp;&nbsp;&nbsp; &nbsp;*/<br>&nbsp;&nbsp;&nbsp; private $_marginRight;<br>&nbsp;&nbsp;&nbsp; <br>&nbsp;&nbsp;&nbsp; /**<br>&nbsp;&nbsp;&nbsp; &nbsp;* Page Margin Bottom<br>&nbsp;&nbsp;&nbsp; &nbsp;* <br>&nbsp;&nbsp;&nbsp; &nbsp;* @var int<br>&nbsp;&nbsp;&nbsp; &nbsp;*/<br>&nbsp;&nbsp;&nbsp; private $_marginBottom;<br>&nbsp;&nbsp;&nbsp; <br>&nbsp;&nbsp;&nbsp; /**<br>&nbsp;&nbsp;&nbsp; &nbsp;* Page Size Width<br>&nbsp;&nbsp;&nbsp; &nbsp;* <br>&nbsp;&nbsp;&nbsp; &nbsp;* @var int<br>&nbsp;&nbsp;&nbsp; &nbsp;*/<br>&nbsp;&nbsp;&nbsp; private $_pageSizeW;<br>&nbsp;&nbsp;&nbsp; <br>&nbsp;&nbsp;&nbsp; /**<br>&nbsp;&nbsp;&nbsp; &nbsp;* Page Size Height<br>&nbsp;&nbsp;&nbsp; &nbsp;* <br>&nbsp;&nbsp;&nbsp; &nbsp;* @var int<br>&nbsp;&nbsp;&nbsp; &nbsp;*/<br>&nbsp;&nbsp;&nbsp; private $_pageSizeH;<br><br>&nbsp;&nbsp;&nbsp; /**<br>&nbsp;&nbsp;&nbsp; &nbsp;* Page Border Top Size<br>&nbsp;&nbsp;&nbsp; &nbsp;* <br>&nbsp;&nbsp;&nbsp; &nbsp;* @var int<br>&nbsp;&nbsp;&nbsp; &nbsp;*/<br>&nbsp;&nbsp;&nbsp; private $_borderTopSize;<br><br>&nbsp;&nbsp;&nbsp; /**<br>&nbsp;&nbsp;&nbsp; &nbsp;* Page Border Top Color<br>&nbsp;&nbsp;&nbsp; &nbsp;* <br>&nbsp;&nbsp;&nbsp; &nbsp;* @var int<br>&nbsp;&nbsp;&nbsp; &nbsp;*/<br>&nbsp;&nbsp;&nbsp; private $_borderTopColor;<br><br>&nbsp;&nbsp;&nbsp; /**<br>&nbsp;&nbsp;&nbsp; &nbsp;* Page Border Left Size<br>&nbsp;&nbsp;&nbsp; &nbsp;* <br>&nbsp;&nbsp;&nbsp; &nbsp;* @var int<br>&nbsp;&nbsp;&nbsp; &nbsp;*/<br>&nbsp;&nbsp;&nbsp; private $_borderLeftSize;<br><br>&nbsp;&nbsp;&nbsp; /**<br>&nbsp;&nbsp;&nbsp; &nbsp;* Page Border Left Color<br>&nbsp;&nbsp;&nbsp; &nbsp;* <br>&nbsp;&nbsp;&nbsp; &nbsp;* @var int<br>&nbsp;&nbsp;&nbsp; &nbsp;*/<br>&nbsp;&nbsp;&nbsp; private $_borderLeftColor;<br><br>&nbsp;&nbsp;&nbsp; /**<br>&nbsp;&nbsp;&nbsp; &nbsp;* Page Border Right Size<br>&nbsp;&nbsp;&nbsp; &nbsp;* <br>&nbsp;&nbsp;&nbsp; &nbsp;* @var int<br>&nbsp;&nbsp;&nbsp; &nbsp;*/<br>&nbsp;&nbsp;&nbsp; private $_borderRightSize;<br><br>&nbsp;&nbsp;&nbsp; /**<br>&nbsp;&nbsp;&nbsp; &nbsp;* Page Border Right Color<br>&nbsp;&nbsp;&nbsp; &nbsp;* <br>&nbsp;&nbsp;&nbsp; &nbsp;* @var int<br>&nbsp;&nbsp;&nbsp; &nbsp;*/<br>&nbsp;&nbsp;&nbsp; private $_borderRightColor;<br><br>&nbsp;&nbsp;&nbsp; /**<br>&nbsp;&nbsp;&nbsp; &nbsp;* Page Border Bottom Size<br>&nbsp;&nbsp;&nbsp; &nbsp;* <br>&nbsp;&nbsp;&nbsp; &nbsp;* @var int<br>&nbsp;&nbsp;&nbsp; &nbsp;*/<br>&nbsp;&nbsp;&nbsp; private $_borderBottomSize;<br><br>&nbsp;&nbsp;&nbsp; /**<br>&nbsp;&nbsp;&nbsp; &nbsp;* Page Border Bottom Color<br>&nbsp;&nbsp;&nbsp; &nbsp;* <br>&nbsp;&nbsp;&nbsp; &nbsp;* @var int<br>&nbsp;&nbsp;&nbsp; &nbsp;*/<br>&nbsp;&nbsp;&nbsp; private $_borderBottomColor;<br><br>&nbsp;&nbsp;&nbsp; // Yoong Kim 27/07/2012: start add header and footer height &#43; columns per section<br>&nbsp;&nbsp;&nbsp; /**<br>&nbsp;&nbsp;&nbsp; &nbsp;* Header height<br>&nbsp;&nbsp;&nbsp; &nbsp;* <br>&nbsp;&nbsp;&nbsp; &nbsp;* @var int<br>&nbsp;&nbsp;&nbsp; &nbsp;*/<br>&nbsp;&nbsp;&nbsp; private $_headerHeight;<br>&nbsp;&nbsp;&nbsp; /**<br>&nbsp;&nbsp;&nbsp; &nbsp;* Footer height<br>&nbsp;&nbsp;&nbsp; &nbsp;* <br>&nbsp;&nbsp;&nbsp; &nbsp;* @var int<br>&nbsp;&nbsp;&nbsp; &nbsp;*/<br>&nbsp;&nbsp;&nbsp; private $_footerHeight;<br>&nbsp;&nbsp;&nbsp; /**<br>&nbsp;&nbsp;&nbsp; &nbsp;* Number of columns per section<br>&nbsp;&nbsp;&nbsp; &nbsp;* <br>&nbsp;&nbsp;&nbsp; &nbsp;* @var int<br>&nbsp;&nbsp;&nbsp; &nbsp;*/<br>&nbsp;&nbsp;&nbsp; private $_colsNum;<br>&nbsp;&nbsp;&nbsp; /**<br>&nbsp;&nbsp;&nbsp; &nbsp;* Default width for a column<br>&nbsp;&nbsp;&nbsp; &nbsp;* <br>&nbsp;&nbsp;&nbsp; &nbsp;* @var int<br>&nbsp;&nbsp;&nbsp; &nbsp;*/<br>&nbsp;&nbsp;&nbsp; private $_colsSpace;<br>&nbsp;&nbsp;&nbsp; // Yoong Kim 27/07/2012: end add header and footer height &#43; columns per section<br>&nbsp;&nbsp;&nbsp; <br>&nbsp;&nbsp;&nbsp; /**<br>&nbsp;&nbsp;&nbsp; &nbsp;* Create new Section Settings<br>&nbsp;&nbsp;&nbsp; &nbsp;*/<br>&nbsp;&nbsp;&nbsp; public function __construct() {<br>&nbsp;&nbsp;&nbsp; &nbsp;&nbsp;&nbsp; $this-&gt;_orientation = null;<br>&nbsp;&nbsp;&nbsp; &nbsp;&nbsp;&nbsp; $this-&gt;_marginTop = 1418;<br>&nbsp;&nbsp;&nbsp; &nbsp;&nbsp;&nbsp; $this-&gt;_marginLeft = 1418;<br>&nbsp;&nbsp;&nbsp; &nbsp;&nbsp;&nbsp; $this-&gt;_marginRight&nbsp;&nbsp;&nbsp; = 1418;<br>&nbsp;&nbsp;&nbsp; &nbsp;&nbsp;&nbsp; $this-&gt;_marginBottom = 1134;<br>&nbsp;&nbsp;&nbsp; &nbsp;&nbsp;&nbsp; $this-&gt;_pageSizeW = $this-&gt;_defaultPageSizeW;<br>&nbsp;&nbsp;&nbsp; &nbsp;&nbsp;&nbsp; $this-&gt;_pageSizeH = $this-&gt;_defaultPageSizeH;<br>&nbsp;&nbsp;&nbsp; &nbsp;&nbsp;&nbsp; $this-&gt;_borderTopSize = null;<br>&nbsp;&nbsp;&nbsp; &nbsp;&nbsp;&nbsp; $this-&gt;_borderTopColor = null;<br>&nbsp;&nbsp;&nbsp; &nbsp;&nbsp;&nbsp; $this-&gt;_borderLeftSize = null;<br>&nbsp;&nbsp;&nbsp; &nbsp;&nbsp;&nbsp; $this-&gt;_borderLeftColor = null;<br>&nbsp;&nbsp;&nbsp; &nbsp;&nbsp;&nbsp; $this-&gt;_borderRightSize = null;<br>&nbsp;&nbsp;&nbsp; &nbsp;&nbsp;&nbsp; $this-&gt;_borderRightColor = null;<br>&nbsp;&nbsp;&nbsp; &nbsp;&nbsp;&nbsp; $this-&gt;_borderBottomSize = null;<br>&nbsp;&nbsp;&nbsp; &nbsp;&nbsp;&nbsp; $this-&gt;_borderBottomColor = null;<br>&nbsp;&nbsp;&nbsp; &nbsp;&nbsp;&nbsp; // Yoong Kim 27/07/2012: start add header and footer height &#43; columns per section<br>&nbsp;&nbsp;&nbsp; &nbsp;&nbsp;&nbsp; $this-&gt;_headerHeight = 720; // set default header and footer to 720 twips (.5 inches)<br>&nbsp;&nbsp;&nbsp; &nbsp;&nbsp;&nbsp; $this-&gt;_footerHeight = 720; // set default header and footer to 720 twips (.5 inches)<br>&nbsp;&nbsp;&nbsp; &nbsp;&nbsp;&nbsp; $this-&gt;_colsNum = 1;<br>&nbsp;&nbsp;&nbsp; &nbsp;&nbsp;&nbsp; $this-&gt;_colsSpace = 720;<br>&nbsp;&nbsp;&nbsp; &nbsp;&nbsp;&nbsp; // Yoong Kim 27/07/2012: end add header and footer height &#43; columns per section<br>&nbsp;&nbsp;&nbsp; }<br>&nbsp;&nbsp;&nbsp; <br>&nbsp;&nbsp;&nbsp; /**<br>&nbsp;&nbsp;&nbsp; &nbsp;* Set Setting Value<br>&nbsp;&nbsp;&nbsp; &nbsp;* <br>&nbsp;&nbsp;&nbsp; &nbsp;* @param string $key<br>&nbsp;&nbsp;&nbsp; &nbsp;* @param string $value<br>&nbsp;&nbsp;&nbsp; &nbsp;*/<br>&nbsp;&nbsp;&nbsp; public function setSettingValue($key, $value) {<br>&nbsp;&nbsp;&nbsp; &nbsp;&nbsp;&nbsp; if($key == '_orientation' &amp;&amp; $value == 'landscape') {<br>&nbsp;&nbsp;&nbsp; &nbsp;&nbsp;&nbsp; &nbsp;&nbsp;&nbsp; $this-&gt;setLandscape();<br>&nbsp;&nbsp;&nbsp; &nbsp;&nbsp;&nbsp; } elseif($key == '_orientation' &amp;&amp; is_null($value)) {<br>&nbsp;&nbsp;&nbsp; &nbsp;&nbsp;&nbsp; &nbsp;&nbsp;&nbsp; $this-&gt;setPortrait();<br>&nbsp;&nbsp;&nbsp; &nbsp;&nbsp;&nbsp; } elseif($key == '_borderSize') {<br>&nbsp;&nbsp;&nbsp; &nbsp;&nbsp;&nbsp; &nbsp;&nbsp;&nbsp; $this-&gt;setBorderSize($value);<br>&nbsp;&nbsp;&nbsp; &nbsp;&nbsp;&nbsp; } elseif($key == '_borderColor') {<br>&nbsp;&nbsp;&nbsp; &nbsp;&nbsp;&nbsp; &nbsp;&nbsp;&nbsp; $this-&gt;setBorderColor($value);<br>&nbsp;&nbsp;&nbsp; &nbsp;&nbsp;&nbsp; } else {<br>&nbsp;&nbsp;&nbsp; &nbsp;&nbsp;&nbsp; &nbsp;&nbsp;&nbsp; $this-&gt;$key = $value;<br>&nbsp;&nbsp;&nbsp; &nbsp;&nbsp;&nbsp; }<br>&nbsp;&nbsp;&nbsp; }<br>&nbsp;&nbsp;&nbsp; <br>&nbsp;&nbsp;&nbsp; /**<br>&nbsp;&nbsp;&nbsp; &nbsp;* Get Margin Top<br>&nbsp;&nbsp;&nbsp; &nbsp;* <br>&nbsp;&nbsp;&nbsp; &nbsp;* @return int<br>&nbsp;&nbsp;&nbsp; &nbsp;*/<br>&nbsp;&nbsp;&nbsp; public function getMarginTop() {<br>&nbsp;&nbsp;&nbsp; &nbsp;&nbsp;&nbsp; return $this-&gt;_marginTop;<br>&nbsp;&nbsp;&nbsp; }<br><br>&nbsp;&nbsp;&nbsp; /**<br>&nbsp;&nbsp;&nbsp; &nbsp;* Set Margin Top<br>&nbsp;&nbsp;&nbsp; &nbsp;* <br>&nbsp;&nbsp;&nbsp; &nbsp;* @param int $pValue<br>&nbsp;&nbsp;&nbsp; &nbsp;*/<br>&nbsp;&nbsp;&nbsp; public function setMarginTop($pValue = '') {<br>&nbsp;&nbsp;&nbsp; &nbsp;&nbsp;&nbsp; $this-&gt;_marginTop = $pValue;<br>&nbsp;&nbsp;&nbsp; &nbsp;&nbsp;&nbsp; return $this;<br>&nbsp;&nbsp;&nbsp; }<br><br>&nbsp;&nbsp;&nbsp; /**<br>&nbsp;&nbsp;&nbsp; &nbsp;* Get Margin Left<br>&nbsp;&nbsp;&nbsp; &nbsp;* <br>&nbsp;&nbsp;&nbsp; &nbsp;* @return int<br>&nbsp;&nbsp;&nbsp; &nbsp;*/<br>&nbsp;&nbsp;&nbsp; public function getMarginLeft() {<br>&nbsp;&nbsp;&nbsp; &nbsp;&nbsp;&nbsp; return $this-&gt;_marginLeft;<br>&nbsp;&nbsp;&nbsp; }<br><br>&nbsp;&nbsp;&nbsp; /**<br>&nbsp;&nbsp;&nbsp; &nbsp;* Set Margin Left<br>&nbsp;&nbsp;&nbsp; &nbsp;* <br>&nbsp;&nbsp;&nbsp; &nbsp;* @param int $pValue<br>&nbsp;&nbsp;&nbsp; &nbsp;*/<br>&nbsp;&nbsp;&nbsp; public function setMarginLeft($pValue = '') {<br>&nbsp;&nbsp;&nbsp; &nbsp;&nbsp;&nbsp; $this-&gt;_marginLeft = $pValue;<br>&nbsp;&nbsp;&nbsp; &nbsp;&nbsp;&nbsp; return $this;<br>&nbsp;&nbsp;&nbsp; }<br><br>&nbsp;&nbsp;&nbsp; /**<br>&nbsp;&nbsp;&nbsp; &nbsp;* Get Margin Right<br>&nbsp;&nbsp;&nbsp; &nbsp;* <br>&nbsp;&nbsp;&nbsp; &nbsp;* @return int<br>&nbsp;&nbsp;&nbsp; &nbsp;*/<br>&nbsp;&nbsp;&nbsp; public function getMarginRight() {<br>&nbsp;&nbsp;&nbsp; &nbsp;&nbsp;&nbsp; return $this-&gt;_marginRight;<br>&nbsp;&nbsp;&nbsp; }<br><br>&nbsp;&nbsp;&nbsp; /**<br>&nbsp;&nbsp;&nbsp; &nbsp;* Set Margin Right<br>&nbsp;&nbsp;&nbsp; &nbsp;* <br>&nbsp;&nbsp;&nbsp; &nbsp;* @param int $pValue<br>&nbsp;&nbsp;&nbsp; &nbsp;*/<br>&nbsp;&nbsp;&nbsp; public function setMarginRight($pValue = '') {<br>&nbsp;&nbsp;&nbsp; &nbsp;&nbsp;&nbsp; $this-&gt;_marginRight = $pValue;<br>&nbsp;&nbsp;&nbsp; &nbsp;&nbsp;&nbsp; return $this;<br>&nbsp;&nbsp;&nbsp; }<br><br>&nbsp;&nbsp;&nbsp; /**<br>&nbsp;&nbsp;&nbsp; &nbsp;* Get Margin Bottom<br>&nbsp;&nbsp;&nbsp; &nbsp;* <br>&nbsp;&nbsp;&nbsp; &nbsp;* @return int<br>&nbsp;&nbsp;&nbsp; &nbsp;*/<br>&nbsp;&nbsp;&nbsp; public function getMarginBottom() {<br>&nbsp;&nbsp;&nbsp; &nbsp;&nbsp;&nbsp; return $this-&gt;_marginBottom;<br>&nbsp;&nbsp;&nbsp; }<br><br>&nbsp;&nbsp;&nbsp; /**<br>&nbsp;&nbsp;&nbsp; &nbsp;* Set Margin Bottom<br>&nbsp;&nbsp;&nbsp; &nbsp;* <br>&nbsp;&nbsp;&nbsp; &nbsp;* @param int $pValue<br>&nbsp;&nbsp;&nbsp; &nbsp;*/<br>&nbsp;&nbsp;&nbsp; public function setMarginBottom($pValue = '') {<br>&nbsp;&nbsp;&nbsp; &nbsp;&nbsp;&nbsp; $this-&gt;_marginBottom = $pValue;<br>&nbsp;&nbsp;&nbsp; &nbsp;&nbsp;&nbsp; return $this;<br>&nbsp;&nbsp;&nbsp; }<br>&nbsp;&nbsp;&nbsp; <br>&nbsp;&nbsp;&nbsp; /**<br>&nbsp;&nbsp;&nbsp; &nbsp;* Set Landscape Orientation<br>&nbsp;&nbsp;&nbsp; &nbsp;*/<br>&nbsp;&nbsp;&nbsp; public function setLandscape() {<br>&nbsp;&nbsp;&nbsp; &nbsp;&nbsp;&nbsp; $this-&gt;_orientation = 'landscape';<br>&nbsp;&nbsp;&nbsp; &nbsp;&nbsp;&nbsp; $this-&gt;_pageSizeW = $this-&gt;_defaultPageSizeH;<br>&nbsp;&nbsp;&nbsp; &nbsp;&nbsp;&nbsp; $this-&gt;_pageSizeH = $this-&gt;_defaultPageSizeW;<br>&nbsp;&nbsp;&nbsp; }<br>&nbsp;&nbsp;&nbsp; <br>&nbsp;&nbsp;&nbsp; /**<br>&nbsp;&nbsp;&nbsp; &nbsp;* Set Portrait Orientation<br>&nbsp;&nbsp;&nbsp; &nbsp;*/<br>&nbsp;&nbsp;&nbsp; public function setPortrait() {<br>&nbsp;&nbsp;&nbsp; &nbsp;&nbsp;&nbsp; $this-&gt;_orientation = null;<br>&nbsp;&nbsp;&nbsp; &nbsp;&nbsp;&nbsp; $this-&gt;_pageSizeW = $this-&gt;_defaultPageSizeW;<br>&nbsp;&nbsp;&nbsp; &nbsp;&nbsp;&nbsp; $this-&gt;_pageSizeH = $this-&gt;_defaultPageSizeH;<br>&nbsp;&nbsp;&nbsp; }<br>&nbsp;&nbsp;&nbsp; <br>&nbsp;&nbsp;&nbsp; /**<br>&nbsp;&nbsp;&nbsp; &nbsp;* Get Page Size Width<br>&nbsp;&nbsp;&nbsp; &nbsp;* <br>&nbsp;&nbsp;&nbsp; &nbsp;* @return int<br>&nbsp;&nbsp;&nbsp; &nbsp;*/<br>&nbsp;&nbsp;&nbsp; public function getPageSizeW() {<br>&nbsp;&nbsp;&nbsp; &nbsp;&nbsp;&nbsp; return $this-&gt;_pageSizeW;<br>&nbsp;&nbsp;&nbsp; }<br>&nbsp;&nbsp;&nbsp; <br>&nbsp;&nbsp;&nbsp; /**<br>&nbsp;&nbsp;&nbsp; &nbsp;* Get Page Size Height<br>&nbsp;&nbsp;&nbsp; &nbsp;* <br>&nbsp;&nbsp;&nbsp; &nbsp;* @return int<br>&nbsp;&nbsp;&nbsp; &nbsp;*/<br>&nbsp;&nbsp;&nbsp; public function getPageSizeH() {<br>&nbsp;&nbsp;&nbsp; &nbsp;&nbsp;&nbsp; return $this-&gt;_pageSizeH;<br>&nbsp;&nbsp;&nbsp; }<br>&nbsp;&nbsp;&nbsp; <br>&nbsp;&nbsp;&nbsp; /**<br>&nbsp;&nbsp;&nbsp; &nbsp;* Get Page Orientation<br>&nbsp;&nbsp;&nbsp; &nbsp;* <br>&nbsp;&nbsp;&nbsp; &nbsp;* @return string<br>&nbsp;&nbsp;&nbsp; &nbsp;*/<br>&nbsp;&nbsp;&nbsp; public function getOrientation() {<br>&nbsp;&nbsp;&nbsp; &nbsp;&nbsp;&nbsp; return $this-&gt;_orientation;<br>&nbsp;&nbsp;&nbsp; }<br>&nbsp;&nbsp;&nbsp; <br>&nbsp;&nbsp;&nbsp; /**<br>&nbsp;&nbsp;&nbsp; &nbsp;* Set Border Size<br>&nbsp;&nbsp;&nbsp; &nbsp;* <br>&nbsp;&nbsp;&nbsp; &nbsp;* @param int $pValue<br>&nbsp;&nbsp;&nbsp; &nbsp;*/<br>&nbsp;&nbsp;&nbsp; public function setBorderSize($pValue = null) {<br>&nbsp;&nbsp;&nbsp; &nbsp;&nbsp;&nbsp; $this-&gt;_borderTopSize = $pValue;<br>&nbsp;&nbsp;&nbsp; &nbsp;&nbsp;&nbsp; $this-&gt;_borderLeftSize = $pValue;<br>&nbsp;&nbsp;&nbsp; &nbsp;&nbsp;&nbsp; $this-&gt;_borderRightSize = $pValue;<br>&nbsp;&nbsp;&nbsp; &nbsp;&nbsp;&nbsp; $this-&gt;_borderBottomSize = $pValue;<br>&nbsp;&nbsp;&nbsp; }<br>&nbsp;&nbsp;&nbsp; <br>&nbsp;&nbsp;&nbsp; /**<br>&nbsp;&nbsp;&nbsp; &nbsp;* Get Border Size<br>&nbsp;&nbsp;&nbsp; &nbsp;* <br>&nbsp;&nbsp;&nbsp; &nbsp;* @return array<br>&nbsp;&nbsp;&nbsp; &nbsp;*/<br>&nbsp;&nbsp;&nbsp; public function getBorderSize() {<br>&nbsp;&nbsp;&nbsp; &nbsp;&nbsp;&nbsp; $t = $this-&gt;getBorderTopSize();<br>&nbsp;&nbsp;&nbsp; &nbsp;&nbsp;&nbsp; $l = $this-&gt;getBorderLeftSize();<br>&nbsp;&nbsp;&nbsp; &nbsp;&nbsp;&nbsp; $r = $this-&gt;getBorderRightSize();<br>&nbsp;&nbsp;&nbsp; &nbsp;&nbsp;&nbsp; $b = $this-&gt;getBorderBottomSize();<br>&nbsp;&nbsp;&nbsp; &nbsp;&nbsp;&nbsp; <br>&nbsp;&nbsp;&nbsp; &nbsp;&nbsp;&nbsp; return array($t, $l, $r, $b);<br>&nbsp;&nbsp;&nbsp; }<br>&nbsp;&nbsp;&nbsp; <br>&nbsp;&nbsp;&nbsp; /**<br>&nbsp;&nbsp;&nbsp; &nbsp;* Set Border Color<br>&nbsp;&nbsp;&nbsp; &nbsp;* <br>&nbsp;&nbsp;&nbsp; &nbsp;* @param string $pValue<br>&nbsp;&nbsp;&nbsp; &nbsp;*/<br>&nbsp;&nbsp;&nbsp; public function setBorderColor($pValue = null) {<br>&nbsp;&nbsp;&nbsp; &nbsp;&nbsp;&nbsp; $this-&gt;_borderTopColor = $pValue;<br>&nbsp;&nbsp;&nbsp; &nbsp;&nbsp;&nbsp; $this-&gt;_borderLeftColor = $pValue;<br>&nbsp;&nbsp;&nbsp; &nbsp;&nbsp;&nbsp; $this-&gt;_borderRightColor = $pValue;<br>&nbsp;&nbsp;&nbsp; &nbsp;&nbsp;&nbsp; $this-&gt;_borderBottomColor = $pValue;<br>&nbsp;&nbsp;&nbsp; }<br>&nbsp;&nbsp;&nbsp; <br>&nbsp;&nbsp;&nbsp; /**<br>&nbsp;&nbsp;&nbsp; &nbsp;* Get Border Color<br>&nbsp;&nbsp;&nbsp; &nbsp;* <br>&nbsp;&nbsp;&nbsp; &nbsp;* @return array<br>&nbsp;&nbsp;&nbsp; &nbsp;*/<br>&nbsp;&nbsp;&nbsp; public function getBorderColor() {<br>&nbsp;&nbsp;&nbsp; &nbsp;&nbsp;&nbsp; $t = $this-&gt;getBorderTopColor();<br>&nbsp;&nbsp;&nbsp; &nbsp;&nbsp;&nbsp; $l = $this-&gt;getBorderLeftColor();<br>&nbsp;&nbsp;&nbsp; &nbsp;&nbsp;&nbsp; $r = $this-&gt;getBorderRightColor();<br>&nbsp;&nbsp;&nbsp; &nbsp;&nbsp;&nbsp; $b = $this-&gt;getBorderBottomColor();<br>&nbsp;&nbsp;&nbsp; &nbsp;&nbsp;&nbsp; <br>&nbsp;&nbsp;&nbsp; &nbsp;&nbsp;&nbsp; return array($t, $l, $r, $b);<br>&nbsp;&nbsp;&nbsp; }<br>&nbsp;&nbsp;&nbsp; <br>&nbsp;&nbsp;&nbsp; /**<br>&nbsp;&nbsp;&nbsp; &nbsp;* Set Border Top Size<br>&nbsp;&nbsp;&nbsp; &nbsp;* <br>&nbsp;&nbsp;&nbsp; &nbsp;* @param int $pValue<br>&nbsp;&nbsp;&nbsp; &nbsp;*/<br>&nbsp;&nbsp;&nbsp; public function setBorderTopSize($pValue = null) {<br>&nbsp;&nbsp;&nbsp; &nbsp;&nbsp;&nbsp; $this-&gt;_borderTopSize = $pValue;<br>&nbsp;&nbsp;&nbsp; }<br>&nbsp;&nbsp;&nbsp; <br>&nbsp;&nbsp;&nbsp; /**<br>&nbsp;&nbsp;&nbsp; &nbsp;* Get Border Top Size<br>&nbsp;&nbsp;&nbsp; &nbsp;* <br>&nbsp;&nbsp;&nbsp; &nbsp;* @return int<br>&nbsp;&nbsp;&nbsp; &nbsp;*/<br>&nbsp;&nbsp;&nbsp; public function getBorderTopSize() {<br>&nbsp;&nbsp;&nbsp; &nbsp;&nbsp;&nbsp; return $this-&gt;_borderTopSize;<br>&nbsp;&nbsp;&nbsp; }<br>&nbsp;&nbsp;&nbsp; <br>&nbsp;&nbsp;&nbsp; /**<br>&nbsp;&nbsp;&nbsp; &nbsp;* Set Border Top Color<br>&nbsp;&nbsp;&nbsp; &nbsp;* <br>&nbsp;&nbsp;&nbsp; &nbsp;* @param string $pValue<br>&nbsp;&nbsp;&nbsp; &nbsp;*/<br>&nbsp;&nbsp;&nbsp; public function setBorderTopColor($pValue = null) {<br>&nbsp;&nbsp;&nbsp; &nbsp;&nbsp;&nbsp; $this-&gt;_borderTopColor = $pValue;<br>&nbsp;&nbsp;&nbsp; }<br>&nbsp;&nbsp;&nbsp; <br>&nbsp;&nbsp;&nbsp; /**<br>&nbsp;&nbsp;&nbsp; &nbsp;* Get Border Top Color<br>&nbsp;&nbsp;&nbsp; &nbsp;* <br>&nbsp;&nbsp;&nbsp; &nbsp;* @return string<br>&nbsp;&nbsp;&nbsp; &nbsp;*/<br>&nbsp;&nbsp;&nbsp; public function getBorderTopColor() {<br>&nbsp;&nbsp;&nbsp; &nbsp;&nbsp;&nbsp; return $this-&gt;_borderTopColor;<br>&nbsp;&nbsp;&nbsp; }<br>&nbsp;&nbsp;&nbsp; <br>&nbsp;&nbsp;&nbsp; /**<br>&nbsp;&nbsp;&nbsp; &nbsp;* Set Border Left Size<br>&nbsp;&nbsp;&nbsp; &nbsp;* <br>&nbsp;&nbsp;&nbsp; &nbsp;* @param int $pValue<br>&nbsp;&nbsp;&nbsp; &nbsp;*/<br>&nbsp;&nbsp;&nbsp; public function setBorderLeftSize($pValue = null) {<br>&nbsp;&nbsp;&nbsp; &nbsp;&nbsp;&nbsp; $this-&gt;_borderLeftSize = $pValue;<br>&nbsp;&nbsp;&nbsp; }<br>&nbsp;&nbsp;&nbsp; <br>&nbsp;&nbsp;&nbsp; /**<br>&nbsp;&nbsp;&nbsp; &nbsp;* Get Border Left Size<br>&nbsp;&nbsp;&nbsp; &nbsp;* <br>&nbsp;&nbsp;&nbsp; &nbsp;* @return int<br>&nbsp;&nbsp;&nbsp; &nbsp;*/<br>&nbsp;&nbsp;&nbsp; public function getBorderLeftSize() {<br>&nbsp;&nbsp;&nbsp; &nbsp;&nbsp;&nbsp; return $this-&gt;_borderLeftSize;<br>&nbsp;&nbsp;&nbsp; }<br>&nbsp;&nbsp;&nbsp; <br>&nbsp;&nbsp;&nbsp; /**<br>&nbsp;&nbsp;&nbsp; &nbsp;* Set Border Left Color<br>&nbsp;&nbsp;&nbsp; &nbsp;* <br>&nbsp;&nbsp;&nbsp; &nbsp;* @param string $pValue<br>&nbsp;&nbsp;&nbsp; &nbsp;*/<br>&nbsp;&nbsp;&nbsp; public function setBorderLeftColor($pValue = null) {<br>&nbsp;&nbsp;&nbsp; &nbsp;&nbsp;&nbsp; $this-&gt;_borderLeftColor = $pValue;<br>&nbsp;&nbsp;&nbsp; }<br>&nbsp;&nbsp;&nbsp; <br>&nbsp;&nbsp;&nbsp; /**<br>&nbsp;&nbsp;&nbsp; &nbsp;* Get Border Left Color<br>&nbsp;&nbsp;&nbsp; &nbsp;* <br>&nbsp;&nbsp;&nbsp; &nbsp;* @return string<br>&nbsp;&nbsp;&nbsp; &nbsp;*/<br>&nbsp;&nbsp;&nbsp; public function getBorderLeftColor() {<br>&nbsp;&nbsp;&nbsp; &nbsp;&nbsp;&nbsp; return $this-&gt;_borderLeftColor;<br>&nbsp;&nbsp;&nbsp; }<br>&nbsp;&nbsp;&nbsp; <br>&nbsp;&nbsp;&nbsp; /**<br>&nbsp;&nbsp;&nbsp; &nbsp;* Set Border Right Size<br>&nbsp;&nbsp;&nbsp; &nbsp;* <br>&nbsp;&nbsp;&nbsp; &nbsp;* @param int $pValue<br>&nbsp;&nbsp;&nbsp; &nbsp;*/<br>&nbsp;&nbsp;&nbsp; public function setBorderRightSize($pValue = null) {<br>&nbsp;&nbsp;&nbsp; &nbsp;&nbsp;&nbsp; $this-&gt;_borderRightSize = $pValue;<br>&nbsp;&nbsp;&nbsp; }<br>&nbsp;&nbsp;&nbsp; <br>&nbsp;&nbsp;&nbsp; /**<br>&nbsp;&nbsp;&nbsp; &nbsp;* Get Border Right Size<br>&nbsp;&nbsp;&nbsp; &nbsp;* <br>&nbsp;&nbsp;&nbsp; &nbsp;* @return int<br>&nbsp;&nbsp;&nbsp; &nbsp;*/<br>&nbsp;&nbsp;&nbsp; public function getBorderRightSize() {<br>&nbsp;&nbsp;&nbsp; &nbsp;&nbsp;&nbsp; return $this-&gt;_borderRightSize;<br>&nbsp;&nbsp;&nbsp; }<br>&nbsp;&nbsp;&nbsp; <br>&nbsp;&nbsp;&nbsp; /**<br>&nbsp;&nbsp;&nbsp; &nbsp;* Set Border Right Color<br>&nbsp;&nbsp;&nbsp; &nbsp;* <br>&nbsp;&nbsp;&nbsp; &nbsp;* @param string $pValue<br>&nbsp;&nbsp;&nbsp; &nbsp;*/<br>&nbsp;&nbsp;&nbsp; public function setBorderRightColor($pValue = null) {<br>&nbsp;&nbsp;&nbsp; &nbsp;&nbsp;&nbsp; $this-&gt;_borderRightColor = $pValue;<br>&nbsp;&nbsp;&nbsp; }<br>&nbsp;&nbsp;&nbsp; <br>&nbsp;&nbsp;&nbsp; /**<br>&nbsp;&nbsp;&nbsp; &nbsp;* Get Border Right Color<br>&nbsp;&nbsp;&nbsp; &nbsp;* <br>&nbsp;&nbsp;&nbsp; &nbsp;* @return string<br>&nbsp;&nbsp;&nbsp; &nbsp;*/<br>&nbsp;&nbsp;&nbsp; public function getBorderRightColor() {<br>&nbsp;&nbsp;&nbsp; &nbsp;&nbsp;&nbsp; return $this-&gt;_borderRightColor;<br>&nbsp;&nbsp;&nbsp; }<br>&nbsp;&nbsp;&nbsp; <br>&nbsp;&nbsp;&nbsp; /**<br>&nbsp;&nbsp;&nbsp; &nbsp;* Set Border Bottom Size<br>&nbsp;&nbsp;&nbsp; &nbsp;* <br>&nbsp;&nbsp;&nbsp; &nbsp;* @param int $pValue<br>&nbsp;&nbsp;&nbsp; &nbsp;*/<br>&nbsp;&nbsp;&nbsp; public function setBorderBottomSize($pValue = null) {<br>&nbsp;&nbsp;&nbsp; &nbsp;&nbsp;&nbsp; $this-&gt;_borderBottomSize = $pValue;<br>&nbsp;&nbsp;&nbsp; }<br>&nbsp;&nbsp;&nbsp; <br>&nbsp;&nbsp;&nbsp; /**<br>&nbsp;&nbsp;&nbsp; &nbsp;* Get Border Bottom Size<br>&nbsp;&nbsp;&nbsp; &nbsp;* <br>&nbsp;&nbsp;&nbsp; &nbsp;* @return int<br>&nbsp;&nbsp;&nbsp; &nbsp;*/<br>&nbsp;&nbsp;&nbsp; public function getBorderBottomSize() {<br>&nbsp;&nbsp;&nbsp; &nbsp;&nbsp;&nbsp; return $this-&gt;_borderBottomSize;<br>&nbsp;&nbsp;&nbsp; }<br>&nbsp;&nbsp;&nbsp; <br>&nbsp;&nbsp;&nbsp; /**<br>&nbsp;&nbsp;&nbsp; &nbsp;* Set Border Bottom Color<br>&nbsp;&nbsp;&nbsp; &nbsp;* <br>&nbsp;&nbsp;&nbsp; &nbsp;* @param string $pValue<br>&nbsp;&nbsp;&nbsp; &nbsp;*/<br>&nbsp;&nbsp;&nbsp; public function setBorderBottomColor($pValue = null) {<br>&nbsp;&nbsp;&nbsp; &nbsp;&nbsp;&nbsp; $this-&gt;_borderBottomColor = $pValue;<br>&nbsp;&nbsp;&nbsp; }<br>&nbsp;&nbsp;&nbsp; <br>&nbsp;&nbsp;&nbsp; /**<br>&nbsp;&nbsp;&nbsp; &nbsp;* Get Border Bottom Color<br>&nbsp;&nbsp;&nbsp; &nbsp;* <br>&nbsp;&nbsp;&nbsp; &nbsp;* @return string<br>&nbsp;&nbsp;&nbsp; &nbsp;*/<br>&nbsp;&nbsp;&nbsp; public function getBorderBottomColor() {<br>&nbsp;&nbsp;&nbsp; &nbsp;&nbsp;&nbsp; return $this-&gt;_borderBottomColor;<br>&nbsp;&nbsp;&nbsp; }<br>&nbsp;&nbsp;&nbsp; <br>&nbsp;&nbsp;&nbsp; // Yoong Kim 27/07/2012: start add header and footer height &#43; columns per section<br>&nbsp;&nbsp;&nbsp; /**<br>&nbsp;&nbsp;&nbsp; &nbsp;* Get Header Height<br>&nbsp;&nbsp;&nbsp; &nbsp;*<br>&nbsp;&nbsp;&nbsp; &nbsp;* @return int<br>&nbsp;&nbsp;&nbsp; &nbsp;*/<br>&nbsp;&nbsp;&nbsp; public function getHeaderHeight() {<br>&nbsp;&nbsp;&nbsp; &nbsp;&nbsp;&nbsp; return $this-&gt;_headerHeight;<br>&nbsp;&nbsp;&nbsp; }<br>&nbsp;&nbsp;&nbsp; <br>&nbsp;&nbsp;&nbsp; /**<br>&nbsp;&nbsp;&nbsp; &nbsp;* Set Header Height<br>&nbsp;&nbsp;&nbsp; &nbsp;*<br>&nbsp;&nbsp;&nbsp; &nbsp;* @param int $pValue<br>&nbsp;&nbsp;&nbsp; &nbsp;*/<br>&nbsp;&nbsp;&nbsp; public function setHeaderHeight($pValue = '') {<br>&nbsp;&nbsp;&nbsp; &nbsp;&nbsp;&nbsp; $this-&gt;_headerHeight = $pValue;<br>&nbsp;&nbsp;&nbsp; &nbsp;&nbsp;&nbsp; return $this;<br>&nbsp;&nbsp;&nbsp; }<br>&nbsp;&nbsp;&nbsp; <br>&nbsp;&nbsp;&nbsp; /**<br>&nbsp;&nbsp;&nbsp; &nbsp;* Get Footer Height<br>&nbsp;&nbsp;&nbsp; &nbsp;*<br>&nbsp;&nbsp;&nbsp; &nbsp;* @return int<br>&nbsp;&nbsp;&nbsp; &nbsp;*/<br>&nbsp;&nbsp;&nbsp; public function getFooterHeight() {<br>&nbsp;&nbsp;&nbsp; &nbsp;&nbsp;&nbsp; return $this-&gt;_footerHeight;<br>&nbsp;&nbsp;&nbsp; }<br>&nbsp;&nbsp;&nbsp; <br>&nbsp;&nbsp;&nbsp; /**<br>&nbsp;&nbsp;&nbsp; &nbsp;* Set Footer Height<br>&nbsp;&nbsp;&nbsp; &nbsp;*<br>&nbsp;&nbsp;&nbsp; &nbsp;* @param int $pValue<br>&nbsp;&nbsp;&nbsp; &nbsp;*/<br>&nbsp;&nbsp;&nbsp; public function setFooterHeight($pValue = '') {<br>&nbsp;&nbsp;&nbsp; &nbsp;&nbsp;&nbsp; $this-&gt;_footerHeight = $pValue;<br>&nbsp;&nbsp;&nbsp; &nbsp;&nbsp;&nbsp; return $this;<br>&nbsp;&nbsp;&nbsp; }<br>&nbsp;&nbsp;&nbsp; <br>&nbsp;&nbsp;&nbsp; /**<br>&nbsp;&nbsp;&nbsp; &nbsp;* Get number of columns per section<br>&nbsp;&nbsp;&nbsp; &nbsp;*<br>&nbsp;&nbsp;&nbsp; &nbsp;* @param int $pValue<br>&nbsp;&nbsp;&nbsp; &nbsp;*/<br>&nbsp;&nbsp;&nbsp; public function getColsNum() {<br>&nbsp;&nbsp;&nbsp; &nbsp;&nbsp;&nbsp; return $this-&gt;_colsNum;<br>&nbsp;&nbsp;&nbsp; }<br>&nbsp;&nbsp;&nbsp; /**<br>&nbsp;&nbsp;&nbsp; &nbsp;* Set number of columns per section<br>&nbsp;&nbsp;&nbsp; &nbsp;*<br>&nbsp;&nbsp;&nbsp; &nbsp;* @param int $pValue<br>&nbsp;&nbsp;&nbsp; &nbsp;*/<br>&nbsp;&nbsp;&nbsp; public function setColsNum($pValue = '') {<br>&nbsp;&nbsp;&nbsp; &nbsp;&nbsp;&nbsp; $this-&gt;_colsNum = $pValue;<br>&nbsp;&nbsp;&nbsp; &nbsp;&nbsp;&nbsp; return $this;<br>&nbsp;&nbsp;&nbsp; }<br>&nbsp;&nbsp;&nbsp; <br>&nbsp;&nbsp;&nbsp; /**<br>&nbsp;&nbsp;&nbsp; &nbsp;* Get column width for a section<br>&nbsp;&nbsp;&nbsp; &nbsp;*<br>&nbsp;&nbsp;&nbsp; &nbsp;* @param int $pValue<br>&nbsp;&nbsp;&nbsp; &nbsp;*/<br>&nbsp;&nbsp;&nbsp; public function getColsSpace() {<br>&nbsp;&nbsp;&nbsp; &nbsp;&nbsp;&nbsp; return $this-&gt;_colsSpace;<br>&nbsp;&nbsp;&nbsp; }<br>&nbsp;&nbsp;&nbsp; /**<br>&nbsp;&nbsp;&nbsp; &nbsp;* Set column width for a section<br>&nbsp;&nbsp;&nbsp; &nbsp;*<br>&nbsp;&nbsp;&nbsp; &nbsp;* @param int $pValue<br>&nbsp;&nbsp;&nbsp; &nbsp;*/<br>&nbsp;&nbsp;&nbsp; public function setColsSpace($pValue = '') {<br>&nbsp;&nbsp;&nbsp; &nbsp;&nbsp;&nbsp; $this-&gt;_colsSpace = $pValue;<br>&nbsp;&nbsp;&nbsp; &nbsp;&nbsp;&nbsp; return $this;<br>&nbsp;&nbsp;&nbsp; }<br>&nbsp;&nbsp;&nbsp; // Yoong Kim 27/07/2012: end add header and footer height &#43; columns per section<br>}<br>?&gt;<br><br>PHPWord/Writer/Word2007/Document.php:<br>&lt;?php<br>/**<br>&nbsp;* PHPWord<br>&nbsp;*<br>&nbsp;* Copyright (c) 2011 PHPWord<br>&nbsp;*<br>&nbsp;* This library is free software; you can redistribute it and/or<br>&nbsp;* modify it under the terms of the GNU Lesser General Public<br>&nbsp;* License as published by the Free Software Foundation; either<br>&nbsp;* version 2.1 of the License, or (at your option) any later version.<br>&nbsp;*<br>&nbsp;* This library is distributed in the hope that it will be useful,<br>&nbsp;* but WITHOUT ANY WARRANTY; without even the implied warranty of<br>&nbsp;* MERCHANTABILITY or FITNESS FOR A PARTICULAR PURPOSE.&nbsp; See the GNU<br>&nbsp;* Lesser General Public License for more details.<br>&nbsp;*<br>&nbsp;* You should have received a copy of the GNU Lesser General Public<br>&nbsp;* License along with this library; if not, write to the Free Software<br>&nbsp;* Foundation, Inc., 51 Franklin Street, Fifth Floor, Boston, MA&nbsp; 02110-1301&nbsp; USA<br>&nbsp;*<br>&nbsp;* @category&nbsp;&nbsp; PHPWord<br>&nbsp;* @package&nbsp;&nbsp;&nbsp; PHPWord<br>&nbsp;* @copyright&nbsp; Copyright (c) 010 PHPWord<br>&nbsp;* @license&nbsp;&nbsp;&nbsp; http://www.gnu.org/licenses/old-licenses/lgpl-2.1.txt&nbsp;&nbsp;&nbsp; LGPL<br>&nbsp;* @version&nbsp;&nbsp;&nbsp; Beta 0.6.3, 08.07.2011<br>&nbsp;*/<br><br><br>class PHPWord_Writer_Word2007_Document extends PHPWord_Writer_Word2007_Base {<br>&nbsp;&nbsp;&nbsp; <br>&nbsp;&nbsp;&nbsp; public function writeDocument(PHPWord $pPHPWord = null) {<br>&nbsp;&nbsp;&nbsp; &nbsp;&nbsp;&nbsp; // Create XML writer<br>&nbsp;&nbsp;&nbsp; &nbsp;&nbsp;&nbsp; <br>&nbsp;&nbsp;&nbsp; &nbsp;&nbsp;&nbsp; if($this-&gt;getParentWriter()-&gt;getUseDiskCaching()) {<br>&nbsp;&nbsp;&nbsp; &nbsp;&nbsp;&nbsp; &nbsp;&nbsp;&nbsp; $objWriter = new PHPWord_Shared_XMLWriter(PHPWord_Shared_XMLWriter::STORAGE_DISK, $this-&gt;getParentWriter()-&gt;getDiskCachingDirectory());<br>&nbsp;&nbsp;&nbsp; &nbsp;&nbsp;&nbsp; } else {<br>&nbsp;&nbsp;&nbsp; &nbsp;&nbsp;&nbsp; &nbsp;&nbsp;&nbsp; $objWriter = new PHPWord_Shared_XMLWriter(PHPWord_Shared_XMLWriter::STORAGE_MEMORY);<br>&nbsp;&nbsp;&nbsp; &nbsp;&nbsp;&nbsp; }<br>&nbsp;&nbsp;&nbsp; &nbsp;&nbsp;&nbsp; <br>&nbsp;&nbsp;&nbsp; &nbsp;&nbsp;&nbsp; // XML header<br>&nbsp;&nbsp;&nbsp; &nbsp;&nbsp;&nbsp; $objWriter-&gt;startDocument('1.0','UTF-8','yes');<br>&nbsp;&nbsp;&nbsp; &nbsp;&nbsp;&nbsp; <br>&nbsp;&nbsp;&nbsp; &nbsp;&nbsp;&nbsp; // w:document<br>&nbsp;&nbsp;&nbsp; &nbsp;&nbsp;&nbsp; $objWriter-&gt;startElement('w:document');<br>&nbsp;&nbsp;&nbsp; &nbsp;&nbsp;&nbsp; <br>&nbsp;&nbsp;&nbsp; &nbsp;&nbsp;&nbsp; $objWriter-&gt;writeAttribute('xmlns:ve', 'http://schemas.openxmlformats.org/markup-compatibility/2006');<br>&nbsp;&nbsp;&nbsp; &nbsp;&nbsp;&nbsp; $objWriter-&gt;writeAttribute('xmlns:o', 'urn:schemas-microsoft-com:office:office');<br>&nbsp;&nbsp;&nbsp; &nbsp;&nbsp;&nbsp; $objWriter-&gt;writeAttribute('xmlns:r', 'http://schemas.openxmlformats.org/officeDocument/2006/relationships');<br>&nbsp;&nbsp;&nbsp; &nbsp;&nbsp;&nbsp; $objWriter-&gt;writeAttribute('xmlns:m', 'http://schemas.openxmlformats.org/officeDocument/2006/math');<br>&nbsp;&nbsp;&nbsp; &nbsp;&nbsp;&nbsp; $objWriter-&gt;writeAttribute('xmlns:v', 'urn:schemas-microsoft-com:vml');<br>&nbsp;&nbsp;&nbsp; &nbsp;&nbsp;&nbsp; $objWriter-&gt;writeAttribute('xmlns:wp', 'http://schemas.openxmlformats.org/drawingml/2006/wordprocessingDrawing');<br>&nbsp;&nbsp;&nbsp; &nbsp;&nbsp;&nbsp; $objWriter-&gt;writeAttribute('xmlns:w10', 'urn:schemas-microsoft-com:office:word');<br>&nbsp;&nbsp;&nbsp; &nbsp;&nbsp;&nbsp; $objWriter-&gt;writeAttribute('xmlns:w', 'http://schemas.openxmlformats.org/wordprocessingml/2006/main');<br>&nbsp;&nbsp;&nbsp; &nbsp;&nbsp;&nbsp; $objWriter-&gt;writeAttribute('xmlns:wne', 'http://schemas.microsoft.com/office/word/2006/wordml');<br>&nbsp;&nbsp;&nbsp; &nbsp;&nbsp;&nbsp; <br>&nbsp;&nbsp;&nbsp; &nbsp;&nbsp;&nbsp; $objWriter-&gt;startElement('w:body');<br>&nbsp;&nbsp;&nbsp; &nbsp;&nbsp;&nbsp; <br>&nbsp;&nbsp;&nbsp; &nbsp;&nbsp;&nbsp; $_sections = $pPHPWord-&gt;getSections();<br>&nbsp;&nbsp;&nbsp; &nbsp;&nbsp;&nbsp; $countSections = count($_sections);<br>&nbsp;&nbsp;&nbsp; &nbsp;&nbsp;&nbsp; $pSection = 0;<br>&nbsp;&nbsp;&nbsp; &nbsp;&nbsp;&nbsp; <br>&nbsp;&nbsp;&nbsp; &nbsp;&nbsp;&nbsp; if($countSections &gt; 0) {<br>&nbsp;&nbsp;&nbsp; &nbsp;&nbsp;&nbsp; &nbsp;&nbsp;&nbsp; foreach($_sections as $section) {<br>&nbsp;&nbsp;&nbsp; &nbsp;&nbsp;&nbsp; &nbsp;&nbsp;&nbsp; &nbsp;&nbsp;&nbsp; $pSection&#43;&#43;;<br>&nbsp;&nbsp;&nbsp; &nbsp;&nbsp;&nbsp; &nbsp;&nbsp;&nbsp; &nbsp;&nbsp;&nbsp; <br>&nbsp;&nbsp;&nbsp; &nbsp;&nbsp;&nbsp; &nbsp;&nbsp;&nbsp; &nbsp;&nbsp;&nbsp; $_elements = $section-&gt;getElements();<br>&nbsp;&nbsp;&nbsp; &nbsp;&nbsp;&nbsp; &nbsp;&nbsp;&nbsp; &nbsp;&nbsp;&nbsp; <br>&nbsp;&nbsp;&nbsp; &nbsp;&nbsp;&nbsp; &nbsp;&nbsp;&nbsp; &nbsp;&nbsp;&nbsp; foreach($_elements as $element) {<br>&nbsp;&nbsp;&nbsp; &nbsp;&nbsp;&nbsp; &nbsp;&nbsp;&nbsp; &nbsp;&nbsp;&nbsp; &nbsp;&nbsp;&nbsp; if($element instanceof PHPWord_Section_Text) {<br>&nbsp;&nbsp;&nbsp; &nbsp;&nbsp;&nbsp; &nbsp;&nbsp;&nbsp; &nbsp;&nbsp;&nbsp; &nbsp;&nbsp;&nbsp; &nbsp;&nbsp;&nbsp; $this-&gt;_writeText($objWriter, $element);<br>&nbsp;&nbsp;&nbsp; &nbsp;&nbsp;&nbsp; &nbsp;&nbsp;&nbsp; &nbsp;&nbsp;&nbsp; &nbsp;&nbsp;&nbsp; } elseif($element instanceof PHPWord_Section_TextRun) {<br>&nbsp;&nbsp;&nbsp; &nbsp;&nbsp;&nbsp; &nbsp;&nbsp;&nbsp; &nbsp;&nbsp;&nbsp; &nbsp;&nbsp;&nbsp; &nbsp;&nbsp;&nbsp; $this-&gt;_writeTextRun($objWriter, $element);<br>&nbsp;&nbsp;&nbsp; &nbsp;&nbsp;&nbsp; &nbsp;&nbsp;&nbsp; &nbsp;&nbsp;&nbsp; &nbsp;&nbsp;&nbsp; } elseif($element instanceof PHPWord_Section_Link) {<br>&nbsp;&nbsp;&nbsp; &nbsp;&nbsp;&nbsp; &nbsp;&nbsp;&nbsp; &nbsp;&nbsp;&nbsp; &nbsp;&nbsp;&nbsp; &nbsp;&nbsp;&nbsp; $this-&gt;_writeLink($objWriter, $element);<br>&nbsp;&nbsp;&nbsp; &nbsp;&nbsp;&nbsp; &nbsp;&nbsp;&nbsp; &nbsp;&nbsp;&nbsp; &nbsp;&nbsp;&nbsp; } elseif($element instanceof PHPWord_Section_Title) {<br>&nbsp;&nbsp;&nbsp; &nbsp;&nbsp;&nbsp; &nbsp;&nbsp;&nbsp; &nbsp;&nbsp;&nbsp; &nbsp;&nbsp;&nbsp; &nbsp;&nbsp;&nbsp; $this-&gt;_writeTitle($objWriter, $element);<br>&nbsp;&nbsp;&nbsp; &nbsp;&nbsp;&nbsp; &nbsp;&nbsp;&nbsp; &nbsp;&nbsp;&nbsp; &nbsp;&nbsp;&nbsp; } elseif($element instanceof PHPWord_Section_TextBreak) {<br>&nbsp;&nbsp;&nbsp; &nbsp;&nbsp;&nbsp; &nbsp;&nbsp;&nbsp; &nbsp;&nbsp;&nbsp; &nbsp;&nbsp;&nbsp; &nbsp;&nbsp;&nbsp; $this-&gt;_writeTextBreak($objWriter);<br>&nbsp;&nbsp;&nbsp; &nbsp;&nbsp;&nbsp; &nbsp;&nbsp;&nbsp; &nbsp;&nbsp;&nbsp; &nbsp;&nbsp;&nbsp; } elseif($element instanceof PHPWord_Section_PageBreak) {<br>&nbsp;&nbsp;&nbsp; &nbsp;&nbsp;&nbsp; &nbsp;&nbsp;&nbsp; &nbsp;&nbsp;&nbsp; &nbsp;&nbsp;&nbsp; &nbsp;&nbsp;&nbsp; $this-&gt;_writePageBreak($objWriter);<br>&nbsp;&nbsp;&nbsp; &nbsp;&nbsp;&nbsp; &nbsp;&nbsp;&nbsp; &nbsp;&nbsp;&nbsp; &nbsp;&nbsp;&nbsp; } elseif($element instanceof PHPWord_Section_Table) {<br>&nbsp;&nbsp;&nbsp; &nbsp;&nbsp;&nbsp; &nbsp;&nbsp;&nbsp; &nbsp;&nbsp;&nbsp; &nbsp;&nbsp;&nbsp; &nbsp;&nbsp;&nbsp; $this-&gt;_writeTable($objWriter, $element);<br>&nbsp;&nbsp;&nbsp; &nbsp;&nbsp;&nbsp; &nbsp;&nbsp;&nbsp; &nbsp;&nbsp;&nbsp; &nbsp;&nbsp;&nbsp; } elseif($element instanceof PHPWord_Section_ListItem) {<br>&nbsp;&nbsp;&nbsp; &nbsp;&nbsp;&nbsp; &nbsp;&nbsp;&nbsp; &nbsp;&nbsp;&nbsp; &nbsp;&nbsp;&nbsp; &nbsp;&nbsp;&nbsp; $this-&gt;_writeListItem($objWriter, $element);<br>&nbsp;&nbsp;&nbsp; &nbsp;&nbsp;&nbsp; &nbsp;&nbsp;&nbsp; &nbsp;&nbsp;&nbsp; &nbsp;&nbsp;&nbsp; } elseif($element instanceof PHPWord_Section_Image ||<br>&nbsp;&nbsp;&nbsp; &nbsp;&nbsp;&nbsp; &nbsp;&nbsp;&nbsp; &nbsp;&nbsp;&nbsp; &nbsp;&nbsp;&nbsp; &nbsp;&nbsp;&nbsp; &nbsp;&nbsp;&nbsp; &nbsp;$element instanceof PHPWord_Section_MemoryImage) {<br>&nbsp;&nbsp;&nbsp; &nbsp;&nbsp;&nbsp; &nbsp;&nbsp;&nbsp; &nbsp;&nbsp;&nbsp; &nbsp;&nbsp;&nbsp; &nbsp;&nbsp;&nbsp; $this-&gt;_writeImage($objWriter, $element);<br>&nbsp;&nbsp;&nbsp; &nbsp;&nbsp;&nbsp; &nbsp;&nbsp;&nbsp; &nbsp;&nbsp;&nbsp; &nbsp;&nbsp;&nbsp; } elseif($element instanceof PHPWord_Section_Object) {<br>&nbsp;&nbsp;&nbsp; &nbsp;&nbsp;&nbsp; &nbsp;&nbsp;&nbsp; &nbsp;&nbsp;&nbsp; &nbsp;&nbsp;&nbsp; &nbsp;&nbsp;&nbsp; $this-&gt;_writeObject($objWriter, $element);<br>&nbsp;&nbsp;&nbsp; &nbsp;&nbsp;&nbsp; &nbsp;&nbsp;&nbsp; &nbsp;&nbsp;&nbsp; &nbsp;&nbsp;&nbsp; } elseif($element instanceof PHPWord_TOC) {<br>&nbsp;&nbsp;&nbsp; &nbsp;&nbsp;&nbsp; &nbsp;&nbsp;&nbsp; &nbsp;&nbsp;&nbsp; &nbsp;&nbsp;&nbsp; &nbsp;&nbsp;&nbsp; $this-&gt;_writeTOC($objWriter);<br>&nbsp;&nbsp;&nbsp; &nbsp;&nbsp;&nbsp; &nbsp;&nbsp;&nbsp; &nbsp;&nbsp;&nbsp; &nbsp;&nbsp;&nbsp; }<br>&nbsp;&nbsp;&nbsp; &nbsp;&nbsp;&nbsp; &nbsp;&nbsp;&nbsp; &nbsp;&nbsp;&nbsp; }<br>&nbsp;&nbsp;&nbsp; &nbsp;&nbsp;&nbsp; &nbsp;&nbsp;&nbsp; &nbsp;&nbsp;&nbsp; <br>&nbsp;&nbsp;&nbsp; &nbsp;&nbsp;&nbsp; &nbsp;&nbsp;&nbsp; &nbsp;&nbsp;&nbsp; if($pSection == $countSections) {<br>&nbsp;&nbsp;&nbsp; &nbsp;&nbsp;&nbsp; &nbsp;&nbsp;&nbsp; &nbsp;&nbsp;&nbsp; &nbsp;&nbsp;&nbsp; $this-&gt;_writeEndSection($objWriter, $section);<br>&nbsp;&nbsp;&nbsp; &nbsp;&nbsp;&nbsp; &nbsp;&nbsp;&nbsp; &nbsp;&nbsp;&nbsp; } else {<br>&nbsp;&nbsp;&nbsp; &nbsp;&nbsp;&nbsp; &nbsp;&nbsp;&nbsp; &nbsp;&nbsp;&nbsp; &nbsp;&nbsp;&nbsp; $this-&gt;_writeSection($objWriter, $section);<br>&nbsp;&nbsp;&nbsp; &nbsp;&nbsp;&nbsp; &nbsp;&nbsp;&nbsp; &nbsp;&nbsp;&nbsp; }<br>&nbsp;&nbsp;&nbsp; &nbsp;&nbsp;&nbsp; &nbsp;&nbsp;&nbsp; }<br>&nbsp;&nbsp;&nbsp; &nbsp;&nbsp;&nbsp; }<br>&nbsp;&nbsp;&nbsp; &nbsp;&nbsp;&nbsp; <br>&nbsp;&nbsp;&nbsp; &nbsp;&nbsp;&nbsp; $objWriter-&gt;endElement(); // End w:body<br>&nbsp;&nbsp;&nbsp; &nbsp;&nbsp;&nbsp; $objWriter-&gt;endElement(); // End w:document<br><br>&nbsp;&nbsp;&nbsp; &nbsp;&nbsp;&nbsp; // Return<br>&nbsp;&nbsp;&nbsp; &nbsp;&nbsp;&nbsp; return $objWriter-&gt;getData();<br>&nbsp;&nbsp;&nbsp; }<br>&nbsp;&nbsp;&nbsp; <br>&nbsp;&nbsp;&nbsp; private function _writeSection(PHPWord_Shared_XMLWriter $objWriter = null, PHPWord_Section $section) {<br>&nbsp;&nbsp;&nbsp; &nbsp;&nbsp;&nbsp; $objWriter-&gt;startElement('w:p');<br>&nbsp;&nbsp;&nbsp; &nbsp;&nbsp;&nbsp; &nbsp;&nbsp;&nbsp; $objWriter-&gt;startElement('w:pPr');<br>&nbsp;&nbsp;&nbsp; &nbsp;&nbsp;&nbsp; &nbsp;&nbsp;&nbsp; &nbsp;&nbsp;&nbsp; $this-&gt;_writeEndSection($objWriter, $section, 3);<br>&nbsp;&nbsp;&nbsp; &nbsp;&nbsp;&nbsp; &nbsp;&nbsp;&nbsp; $objWriter-&gt;endElement();<br>&nbsp;&nbsp;&nbsp; &nbsp;&nbsp;&nbsp; $objWriter-&gt;endElement();<br>&nbsp;&nbsp;&nbsp; }<br>&nbsp;&nbsp;&nbsp; <br>&nbsp;&nbsp;&nbsp; private function _writeEndSection(PHPWord_Shared_XMLWriter $objWriter = null, PHPWord_Section $section) {<br>&nbsp;&nbsp;&nbsp; &nbsp;&nbsp;&nbsp; $_settings = $section-&gt;getSettings();<br>&nbsp;&nbsp;&nbsp; &nbsp;&nbsp;&nbsp; $_header = $section-&gt;getHeader();<br>&nbsp;&nbsp;&nbsp; &nbsp;&nbsp;&nbsp; $_footer = $section-&gt;getFooter();<br>&nbsp;&nbsp;&nbsp; &nbsp;&nbsp;&nbsp; $pgSzW = $_settings-&gt;getPageSizeW();<br>&nbsp;&nbsp;&nbsp; &nbsp;&nbsp;&nbsp; $pgSzH = $_settings-&gt;getPageSizeH();<br>&nbsp;&nbsp;&nbsp; &nbsp;&nbsp;&nbsp; $orientation = $_settings-&gt;getOrientation();<br>&nbsp;&nbsp;&nbsp; &nbsp;&nbsp;&nbsp; <br>&nbsp;&nbsp;&nbsp; &nbsp;&nbsp;&nbsp; $marginTop = $_settings-&gt;getMarginTop();<br>&nbsp;&nbsp;&nbsp; &nbsp;&nbsp;&nbsp; $marginLeft = $_settings-&gt;getMarginLeft();<br>&nbsp;&nbsp;&nbsp; &nbsp;&nbsp;&nbsp; $marginRight = $_settings-&gt;getMarginRight();<br>&nbsp;&nbsp;&nbsp; &nbsp;&nbsp;&nbsp; $marginBottom = $_settings-&gt;getMarginBottom();<br>&nbsp;&nbsp;&nbsp; &nbsp;&nbsp;&nbsp; <br>&nbsp;&nbsp;&nbsp; &nbsp;&nbsp;&nbsp; $borders = $_settings-&gt;getBorderSize();<br>&nbsp;&nbsp;&nbsp; &nbsp;&nbsp;&nbsp; <br>&nbsp;&nbsp;&nbsp; &nbsp;&nbsp;&nbsp; // Yoong Kim 27/07/2012: start add header and footer height &#43; columns per section<br>&nbsp;&nbsp;&nbsp; &nbsp;&nbsp;&nbsp; $headerHeight = $_settings-&gt;getHeaderHeight();<br>&nbsp;&nbsp;&nbsp; &nbsp;&nbsp;&nbsp; $footerHeight = $_settings-&gt;getFooterHeight();<br>&nbsp;&nbsp;&nbsp; &nbsp;&nbsp;&nbsp; $colsNum = $_settings-&gt;getColsNum();<br>&nbsp;&nbsp;&nbsp; &nbsp;&nbsp;&nbsp; $colsSpace = $_settings-&gt;getColsSpace();<br>&nbsp;&nbsp;&nbsp; &nbsp;&nbsp;&nbsp; // Yoong Kim 27/07/2012: end add header and footer height &#43; columns per section<br>&nbsp;&nbsp;&nbsp; &nbsp;&nbsp;&nbsp; <br>&nbsp;&nbsp;&nbsp; &nbsp;&nbsp;&nbsp; $objWriter-&gt;startElement('w:sectPr');<br>&nbsp;&nbsp;&nbsp; &nbsp;&nbsp;&nbsp; &nbsp;&nbsp;&nbsp; <br>&nbsp;&nbsp;&nbsp; &nbsp;&nbsp;&nbsp; &nbsp;&nbsp;&nbsp; if(!is_null($_header)) {<br>&nbsp;&nbsp;&nbsp; &nbsp;&nbsp;&nbsp; &nbsp;&nbsp;&nbsp; &nbsp;&nbsp;&nbsp; $rId = $_header-&gt;getRelationId();<br>&nbsp;&nbsp;&nbsp; &nbsp;&nbsp;&nbsp; &nbsp;&nbsp;&nbsp; &nbsp;&nbsp;&nbsp; $objWriter-&gt;startElement('w:headerReference');<br>&nbsp;&nbsp;&nbsp; &nbsp;&nbsp;&nbsp; &nbsp;&nbsp;&nbsp; &nbsp;&nbsp;&nbsp; &nbsp;&nbsp;&nbsp; $objWriter-&gt;writeAttribute('w:type', 'default');<br>&nbsp;&nbsp;&nbsp; &nbsp;&nbsp;&nbsp; &nbsp;&nbsp;&nbsp; &nbsp;&nbsp;&nbsp; &nbsp;&nbsp;&nbsp; $objWriter-&gt;writeAttribute('r:id', 'rId'.$rId);<br>&nbsp;&nbsp;&nbsp; &nbsp;&nbsp;&nbsp; &nbsp;&nbsp;&nbsp; &nbsp;&nbsp;&nbsp; $objWriter-&gt;endElement();<br>&nbsp;&nbsp;&nbsp; &nbsp;&nbsp;&nbsp; &nbsp;&nbsp;&nbsp; }<br>&nbsp;&nbsp;&nbsp; &nbsp;&nbsp;&nbsp; &nbsp;&nbsp;&nbsp; <br>&nbsp;&nbsp;&nbsp; &nbsp;&nbsp;&nbsp; &nbsp;&nbsp;&nbsp; if(!is_null($_footer)) {<br>&nbsp;&nbsp;&nbsp; &nbsp;&nbsp;&nbsp; &nbsp;&nbsp;&nbsp; &nbsp;&nbsp;&nbsp; $rId = $_footer-&gt;getRelationId();<br>&nbsp;&nbsp;&nbsp; &nbsp;&nbsp;&nbsp; &nbsp;&nbsp;&nbsp; &nbsp;&nbsp;&nbsp; $objWriter-&gt;startElement('w:footerReference');<br>&nbsp;&nbsp;&nbsp; &nbsp;&nbsp;&nbsp; &nbsp;&nbsp;&nbsp; &nbsp;&nbsp;&nbsp; &nbsp;&nbsp;&nbsp; $objWriter-&gt;writeAttribute('w:type', 'default');<br>&nbsp;&nbsp;&nbsp; &nbsp;&nbsp;&nbsp; &nbsp;&nbsp;&nbsp; &nbsp;&nbsp;&nbsp; &nbsp;&nbsp;&nbsp; $objWriter-&gt;writeAttribute('r:id', 'rId'.$rId);<br>&nbsp;&nbsp;&nbsp; &nbsp;&nbsp;&nbsp; &nbsp;&nbsp;&nbsp; &nbsp;&nbsp;&nbsp; $objWriter-&gt;endElement();<br>&nbsp;&nbsp;&nbsp; &nbsp;&nbsp;&nbsp; &nbsp;&nbsp;&nbsp; }<br>&nbsp;&nbsp;&nbsp; &nbsp;&nbsp;&nbsp; &nbsp;&nbsp;&nbsp; <br>&nbsp;&nbsp;&nbsp; &nbsp;&nbsp;&nbsp; &nbsp;&nbsp;&nbsp; $objWriter-&gt;startElement('w:pgSz');<br>&nbsp;&nbsp;&nbsp; &nbsp;&nbsp;&nbsp; &nbsp;&nbsp;&nbsp; &nbsp;&nbsp;&nbsp; $objWriter-&gt;writeAttribute('w:w', $pgSzW);<br>&nbsp;&nbsp;&nbsp; &nbsp;&nbsp;&nbsp; &nbsp;&nbsp;&nbsp; &nbsp;&nbsp;&nbsp; $objWriter-&gt;writeAttribute('w:h', $pgSzH);<br>&nbsp;&nbsp;&nbsp; &nbsp;&nbsp;&nbsp; &nbsp;&nbsp;&nbsp; &nbsp;&nbsp;&nbsp; <br>&nbsp;&nbsp;&nbsp; &nbsp;&nbsp;&nbsp; &nbsp;&nbsp;&nbsp; &nbsp;&nbsp;&nbsp; if(!is_null($orientation) &amp;&amp; strtolower($orientation) != 'portrait') {<br>&nbsp;&nbsp;&nbsp; &nbsp;&nbsp;&nbsp; &nbsp;&nbsp;&nbsp; &nbsp;&nbsp;&nbsp; &nbsp;&nbsp;&nbsp; $objWriter-&gt;writeAttribute('w:orient', $orientation);<br>&nbsp;&nbsp;&nbsp; &nbsp;&nbsp;&nbsp; &nbsp;&nbsp;&nbsp; &nbsp;&nbsp;&nbsp; }<br>&nbsp;&nbsp;&nbsp; &nbsp;&nbsp;&nbsp; &nbsp;&nbsp;&nbsp; &nbsp;&nbsp;&nbsp; <br>&nbsp;&nbsp;&nbsp; &nbsp;&nbsp;&nbsp; &nbsp;&nbsp;&nbsp; $objWriter-&gt;endElement();<br>&nbsp;&nbsp;&nbsp; &nbsp;&nbsp;&nbsp; &nbsp;&nbsp;&nbsp; <br>&nbsp;&nbsp;&nbsp; &nbsp;&nbsp;&nbsp; &nbsp;&nbsp;&nbsp; $objWriter-&gt;startElement('w:pgMar');<br>&nbsp;&nbsp;&nbsp; &nbsp;&nbsp;&nbsp; &nbsp;&nbsp;&nbsp; &nbsp;&nbsp;&nbsp; $objWriter-&gt;writeAttribute('w:top', $marginTop);<br>&nbsp;&nbsp;&nbsp; &nbsp;&nbsp;&nbsp; &nbsp;&nbsp;&nbsp; &nbsp;&nbsp;&nbsp; $objWriter-&gt;writeAttribute('w:right', $marginRight);<br>&nbsp;&nbsp;&nbsp; &nbsp;&nbsp;&nbsp; &nbsp;&nbsp;&nbsp; &nbsp;&nbsp;&nbsp; $objWriter-&gt;writeAttribute('w:bottom', $marginBottom);<br>&nbsp;&nbsp;&nbsp; &nbsp;&nbsp;&nbsp; &nbsp;&nbsp;&nbsp; &nbsp;&nbsp;&nbsp; $objWriter-&gt;writeAttribute('w:left', $marginLeft);<br>&nbsp;&nbsp;&nbsp; &nbsp;&nbsp;&nbsp; &nbsp;&nbsp;&nbsp; &nbsp;&nbsp;&nbsp; // Yoong Kim 27/07/2012: start add header and footer height<br>&nbsp;&nbsp;&nbsp; &nbsp;&nbsp;&nbsp; &nbsp;&nbsp;&nbsp; &nbsp;&nbsp;&nbsp; $objWriter-&gt;writeAttribute('w:header', $headerHeight);<br>&nbsp;&nbsp;&nbsp; &nbsp;&nbsp;&nbsp; &nbsp;&nbsp;&nbsp; &nbsp;&nbsp;&nbsp; $objWriter-&gt;writeAttribute('w:footer', $footerHeight);<br>&nbsp;&nbsp;&nbsp; &nbsp;&nbsp;&nbsp; &nbsp;&nbsp;&nbsp; &nbsp;&nbsp;&nbsp; // Yoong Kim 27/07/2012: end add header and footer height<br>&nbsp;&nbsp;&nbsp; &nbsp;&nbsp;&nbsp; &nbsp;&nbsp;&nbsp; &nbsp;&nbsp;&nbsp; $objWriter-&gt;writeAttribute('w:gutter', '0');<br>&nbsp;&nbsp;&nbsp; &nbsp;&nbsp;&nbsp; &nbsp;&nbsp;&nbsp; $objWriter-&gt;endElement();<br>&nbsp;&nbsp;&nbsp; &nbsp;&nbsp;&nbsp; &nbsp;&nbsp;&nbsp; <br>&nbsp;&nbsp;&nbsp; &nbsp;&nbsp;&nbsp; &nbsp;&nbsp;&nbsp; <br>&nbsp;&nbsp;&nbsp; &nbsp;&nbsp;&nbsp; &nbsp;&nbsp;&nbsp; if(!is_null($borders[0]) || !is_null($borders[1]) || !is_null($borders[2]) || !is_null($borders[3])) {<br>&nbsp;&nbsp;&nbsp; &nbsp;&nbsp;&nbsp; &nbsp;&nbsp;&nbsp; &nbsp;&nbsp;&nbsp; $borderColor = $_settings-&gt;getBorderColor();<br>&nbsp;&nbsp;&nbsp; &nbsp;&nbsp;&nbsp; &nbsp;&nbsp;&nbsp; &nbsp;&nbsp;&nbsp; <br>&nbsp;&nbsp;&nbsp; &nbsp;&nbsp;&nbsp; &nbsp;&nbsp;&nbsp; &nbsp;&nbsp;&nbsp; $objWriter-&gt;startElement('w:pgBorders');<br>&nbsp;&nbsp;&nbsp; &nbsp;&nbsp;&nbsp; &nbsp;&nbsp;&nbsp; &nbsp;&nbsp;&nbsp; &nbsp;&nbsp;&nbsp; $objWriter-&gt;writeAttribute('w:offsetFrom', 'page');<br>&nbsp;&nbsp;&nbsp; &nbsp;&nbsp;&nbsp; &nbsp;&nbsp;&nbsp; &nbsp;&nbsp;&nbsp; &nbsp;&nbsp;&nbsp; <br>&nbsp;&nbsp;&nbsp; &nbsp;&nbsp;&nbsp; &nbsp;&nbsp;&nbsp; &nbsp;&nbsp;&nbsp; &nbsp;&nbsp;&nbsp; if(!is_null($borders[0])) {<br>&nbsp;&nbsp;&nbsp; &nbsp;&nbsp;&nbsp; &nbsp;&nbsp;&nbsp; &nbsp;&nbsp;&nbsp; &nbsp;&nbsp;&nbsp; &nbsp;&nbsp;&nbsp; $objWriter-&gt;startElement('w:top');<br>&nbsp;&nbsp;&nbsp; &nbsp;&nbsp;&nbsp; &nbsp;&nbsp;&nbsp; &nbsp;&nbsp;&nbsp; &nbsp;&nbsp;&nbsp; &nbsp;&nbsp;&nbsp; &nbsp;&nbsp;&nbsp; $objWriter-&gt;writeAttribute('w:val', 'single');<br>&nbsp;&nbsp;&nbsp; &nbsp;&nbsp;&nbsp; &nbsp;&nbsp;&nbsp; &nbsp;&nbsp;&nbsp; &nbsp;&nbsp;&nbsp; &nbsp;&nbsp;&nbsp; &nbsp;&nbsp;&nbsp; $objWriter-&gt;writeAttribute('w:sz', $borders[0]);<br>&nbsp;&nbsp;&nbsp; &nbsp;&nbsp;&nbsp; &nbsp;&nbsp;&nbsp; &nbsp;&nbsp;&nbsp; &nbsp;&nbsp;&nbsp; &nbsp;&nbsp;&nbsp; &nbsp;&nbsp;&nbsp; $objWriter-&gt;writeAttribute('w:space', '24');<br>&nbsp;&nbsp;&nbsp; &nbsp;&nbsp;&nbsp; &nbsp;&nbsp;&nbsp; &nbsp;&nbsp;&nbsp; &nbsp;&nbsp;&nbsp; &nbsp;&nbsp;&nbsp; &nbsp;&nbsp;&nbsp; $objWriter-&gt;writeAttribute('w:color', $borderColor[0]);<br>&nbsp;&nbsp;&nbsp; &nbsp;&nbsp;&nbsp; &nbsp;&nbsp;&nbsp; &nbsp;&nbsp;&nbsp; &nbsp;&nbsp;&nbsp; &nbsp;&nbsp;&nbsp; $objWriter-&gt;endElement();<br>&nbsp;&nbsp;&nbsp; &nbsp;&nbsp;&nbsp; &nbsp;&nbsp;&nbsp; &nbsp;&nbsp;&nbsp; &nbsp;&nbsp;&nbsp; }<br>&nbsp;&nbsp;&nbsp; &nbsp;&nbsp;&nbsp; &nbsp;&nbsp;&nbsp; &nbsp;&nbsp;&nbsp; &nbsp;&nbsp;&nbsp; <br>&nbsp;&nbsp;&nbsp; &nbsp;&nbsp;&nbsp; &nbsp;&nbsp;&nbsp; &nbsp;&nbsp;&nbsp; &nbsp;&nbsp;&nbsp; if(!is_null($borders[1])) {<br>&nbsp;&nbsp;&nbsp; &nbsp;&nbsp;&nbsp; &nbsp;&nbsp;&nbsp; &nbsp;&nbsp;&nbsp; &nbsp;&nbsp;&nbsp; &nbsp;&nbsp;&nbsp; $objWriter-&gt;startElement('w:left');<br>&nbsp;&nbsp;&nbsp; &nbsp;&nbsp;&nbsp; &nbsp;&nbsp;&nbsp; &nbsp;&nbsp;&nbsp; &nbsp;&nbsp;&nbsp; &nbsp;&nbsp;&nbsp; &nbsp;&nbsp;&nbsp; $objWriter-&gt;writeAttribute('w:val', 'single');<br>&nbsp;&nbsp;&nbsp; &nbsp;&nbsp;&nbsp; &nbsp;&nbsp;&nbsp; &nbsp;&nbsp;&nbsp; &nbsp;&nbsp;&nbsp; &nbsp;&nbsp;&nbsp; &nbsp;&nbsp;&nbsp; $objWriter-&gt;writeAttribute('w:sz', $borders[1]);<br>&nbsp;&nbsp;&nbsp; &nbsp;&nbsp;&nbsp; &nbsp;&nbsp;&nbsp; &nbsp;&nbsp;&nbsp; &nbsp;&nbsp;&nbsp; &nbsp;&nbsp;&nbsp; &nbsp;&nbsp;&nbsp; $objWriter-&gt;writeAttribute('w:space', '24');<br>&nbsp;&nbsp;&nbsp; &nbsp;&nbsp;&nbsp; &nbsp;&nbsp;&nbsp; &nbsp;&nbsp;&nbsp; &nbsp;&nbsp;&nbsp; &nbsp;&nbsp;&nbsp; &nbsp;&nbsp;&nbsp; $objWriter-&gt;writeAttribute('w:color', $borderColor[1]);<br>&nbsp;&nbsp;&nbsp; &nbsp;&nbsp;&nbsp; &nbsp;&nbsp;&nbsp; &nbsp;&nbsp;&nbsp; &nbsp;&nbsp;&nbsp; &nbsp;&nbsp;&nbsp; $objWriter-&gt;endElement();<br>&nbsp;&nbsp;&nbsp; &nbsp;&nbsp;&nbsp; &nbsp;&nbsp;&nbsp; &nbsp;&nbsp;&nbsp; &nbsp;&nbsp;&nbsp; }<br>&nbsp;&nbsp;&nbsp; &nbsp;&nbsp;&nbsp; &nbsp;&nbsp;&nbsp; &nbsp;&nbsp;&nbsp; &nbsp;&nbsp;&nbsp; <br>&nbsp;&nbsp;&nbsp; &nbsp;&nbsp;&nbsp; &nbsp;&nbsp;&nbsp; &nbsp;&nbsp;&nbsp; &nbsp;&nbsp;&nbsp; if(!is_null($borders[2])) {<br>&nbsp;&nbsp;&nbsp; &nbsp;&nbsp;&nbsp; &nbsp;&nbsp;&nbsp; &nbsp;&nbsp;&nbsp; &nbsp;&nbsp;&nbsp; &nbsp;&nbsp;&nbsp; $objWriter-&gt;startElement('w:right');<br>&nbsp;&nbsp;&nbsp; &nbsp;&nbsp;&nbsp; &nbsp;&nbsp;&nbsp; &nbsp;&nbsp;&nbsp; &nbsp;&nbsp;&nbsp; &nbsp;&nbsp;&nbsp; &nbsp;&nbsp;&nbsp; $objWriter-&gt;writeAttribute('w:val', 'single');<br>&nbsp;&nbsp;&nbsp; &nbsp;&nbsp;&nbsp; &nbsp;&nbsp;&nbsp; &nbsp;&nbsp;&nbsp; &nbsp;&nbsp;&nbsp; &nbsp;&nbsp;&nbsp; &nbsp;&nbsp;&nbsp; $objWriter-&gt;writeAttribute('w:sz', $borders[2]);<br>&nbsp;&nbsp;&nbsp; &nbsp;&nbsp;&nbsp; &nbsp;&nbsp;&nbsp; &nbsp;&nbsp;&nbsp; &nbsp;&nbsp;&nbsp; &nbsp;&nbsp;&nbsp; &nbsp;&nbsp;&nbsp; $objWriter-&gt;writeAttribute('w:space', '24');<br>&nbsp;&nbsp;&nbsp; &nbsp;&nbsp;&nbsp; &nbsp;&nbsp;&nbsp; &nbsp;&nbsp;&nbsp; &nbsp;&nbsp;&nbsp; &nbsp;&nbsp;&nbsp; &nbsp;&nbsp;&nbsp; $objWriter-&gt;writeAttribute('w:color', $borderColor[2]);<br>&nbsp;&nbsp;&nbsp; &nbsp;&nbsp;&nbsp; &nbsp;&nbsp;&nbsp; &nbsp;&nbsp;&nbsp; &nbsp;&nbsp;&nbsp; &nbsp;&nbsp;&nbsp; $objWriter-&gt;endElement();<br>&nbsp;&nbsp;&nbsp; &nbsp;&nbsp;&nbsp; &nbsp;&nbsp;&nbsp; &nbsp;&nbsp;&nbsp; &nbsp;&nbsp;&nbsp; }<br>&nbsp;&nbsp;&nbsp; &nbsp;&nbsp;&nbsp; &nbsp;&nbsp;&nbsp; &nbsp;&nbsp;&nbsp; &nbsp;&nbsp;&nbsp; <br>&nbsp;&nbsp;&nbsp; &nbsp;&nbsp;&nbsp; &nbsp;&nbsp;&nbsp; &nbsp;&nbsp;&nbsp; &nbsp;&nbsp;&nbsp; if(!is_null($borders[3])) {<br>&nbsp;&nbsp;&nbsp; &nbsp;&nbsp;&nbsp; &nbsp;&nbsp;&nbsp; &nbsp;&nbsp;&nbsp; &nbsp;&nbsp;&nbsp; &nbsp;&nbsp;&nbsp; $objWriter-&gt;startElement('w:bottom');<br>&nbsp;&nbsp;&nbsp; &nbsp;&nbsp;&nbsp; &nbsp;&nbsp;&nbsp; &nbsp;&nbsp;&nbsp; &nbsp;&nbsp;&nbsp; &nbsp;&nbsp;&nbsp; &nbsp;&nbsp;&nbsp; $objWriter-&gt;writeAttribute('w:val', 'single');<br>&nbsp;&nbsp;&nbsp; &nbsp;&nbsp;&nbsp; &nbsp;&nbsp;&nbsp; &nbsp;&nbsp;&nbsp; &nbsp;&nbsp;&nbsp; &nbsp;&nbsp;&nbsp; &nbsp;&nbsp;&nbsp; $objWriter-&gt;writeAttribute('w:sz', $borders[3]);<br>&nbsp;&nbsp;&nbsp; &nbsp;&nbsp;&nbsp; &nbsp;&nbsp;&nbsp; &nbsp;&nbsp;&nbsp; &nbsp;&nbsp;&nbsp; &nbsp;&nbsp;&nbsp; &nbsp;&nbsp;&nbsp; $objWriter-&gt;writeAttribute('w:space', '24');<br>&nbsp;&nbsp;&nbsp; &nbsp;&nbsp;&nbsp; &nbsp;&nbsp;&nbsp; &nbsp;&nbsp;&nbsp; &nbsp;&nbsp;&nbsp; &nbsp;&nbsp;&nbsp; &nbsp;&nbsp;&nbsp; $objWriter-&gt;writeAttribute('w:color', $borderColor[3]);<br>&nbsp;&nbsp;&nbsp; &nbsp;&nbsp;&nbsp; &nbsp;&nbsp;&nbsp; &nbsp;&nbsp;&nbsp; &nbsp;&nbsp;&nbsp; &nbsp;&nbsp;&nbsp; $objWriter-&gt;endElement();<br>&nbsp;&nbsp;&nbsp; &nbsp;&nbsp;&nbsp; &nbsp;&nbsp;&nbsp; &nbsp;&nbsp;&nbsp; &nbsp;&nbsp;&nbsp; }<br>&nbsp;&nbsp;&nbsp; &nbsp;&nbsp;&nbsp; &nbsp;&nbsp;&nbsp; &nbsp;&nbsp;&nbsp; $objWriter-&gt;endElement();<br>&nbsp;&nbsp;&nbsp; &nbsp;&nbsp;&nbsp; &nbsp;&nbsp;&nbsp; }<br><br>&nbsp;&nbsp;&nbsp; &nbsp;&nbsp;&nbsp; &nbsp;&nbsp;&nbsp; <br>&nbsp;&nbsp;&nbsp; &nbsp;&nbsp;&nbsp; &nbsp;&nbsp;&nbsp; $objWriter-&gt;startElement('w:cols');<br>&nbsp;&nbsp;&nbsp; &nbsp;&nbsp;&nbsp; &nbsp;&nbsp;&nbsp; // Yoong Kim 27/07/2012: start add columns per section<br>&nbsp;&nbsp;&nbsp; &nbsp;&nbsp;&nbsp; &nbsp;&nbsp;&nbsp; if($colsNum &gt; 1){<br>&nbsp;&nbsp;&nbsp; &nbsp;&nbsp;&nbsp; &nbsp;&nbsp;&nbsp; &nbsp;&nbsp;&nbsp; $objWriter-&gt;writeAttribute('w:num', $colsNum);<br>&nbsp;&nbsp;&nbsp; &nbsp;&nbsp;&nbsp; &nbsp;&nbsp;&nbsp; }<br>&nbsp;&nbsp;&nbsp; &nbsp;&nbsp;&nbsp; &nbsp;&nbsp;&nbsp; $objWriter-&gt;writeAttribute('w:space', $colsSpace);<br>&nbsp;&nbsp;&nbsp; &nbsp;&nbsp;&nbsp; &nbsp;&nbsp;&nbsp; &nbsp;&nbsp;&nbsp; //$objWriter-&gt;writeAttribute('w:space', '720');<br>&nbsp;&nbsp;&nbsp; &nbsp;&nbsp;&nbsp; &nbsp;&nbsp;&nbsp; // Yoong Kim 27/07/2012: start end columns per section<br>&nbsp;&nbsp;&nbsp; &nbsp;&nbsp;&nbsp; &nbsp;&nbsp;&nbsp; $objWriter-&gt;endElement();<br>&nbsp;&nbsp;&nbsp; &nbsp;&nbsp;&nbsp; &nbsp;&nbsp;&nbsp; <br>&nbsp;&nbsp;&nbsp; &nbsp;&nbsp;&nbsp; &nbsp;&nbsp;&nbsp; <br>&nbsp;&nbsp;&nbsp; &nbsp;&nbsp;&nbsp; $objWriter-&gt;endElement();<br>&nbsp;&nbsp;&nbsp; }<br>&nbsp;&nbsp;&nbsp; <br>&nbsp;&nbsp;&nbsp; private function _writePageBreak(PHPWord_Shared_XMLWriter $objWriter = null) {<br>&nbsp;&nbsp;&nbsp; &nbsp;&nbsp;&nbsp; $objWriter-&gt;startElement('w:p');<br>&nbsp;&nbsp;&nbsp; &nbsp;&nbsp;&nbsp; &nbsp;&nbsp;&nbsp; $objWriter-&gt;startElement('w:r');<br>&nbsp;&nbsp;&nbsp; &nbsp;&nbsp;&nbsp; &nbsp;&nbsp;&nbsp; &nbsp;&nbsp;&nbsp; $objWriter-&gt;startElement('w:br');<br>&nbsp;&nbsp;&nbsp; &nbsp;&nbsp;&nbsp; &nbsp;&nbsp;&nbsp; &nbsp;&nbsp;&nbsp; &nbsp;&nbsp;&nbsp; $objWriter-&gt;writeAttribute('w:type', 'page');<br>&nbsp;&nbsp;&nbsp; &nbsp;&nbsp;&nbsp; &nbsp;&nbsp;&nbsp; &nbsp;&nbsp;&nbsp; $objWriter-&gt;endElement();<br>&nbsp;&nbsp;&nbsp; &nbsp;&nbsp;&nbsp; &nbsp;&nbsp;&nbsp; $objWriter-&gt;endElement();<br>&nbsp;&nbsp;&nbsp; &nbsp;&nbsp;&nbsp; $objWriter-&gt;endElement();<br>&nbsp;&nbsp;&nbsp; }<br>&nbsp;&nbsp;&nbsp; <br>&nbsp;&nbsp;&nbsp; private function _writeListItem(PHPWord_Shared_XMLWriter $objWriter = null, PHPWord_Section_ListItem $listItem) {<br>&nbsp;&nbsp;&nbsp; &nbsp;&nbsp;&nbsp; $textObject = $listItem-&gt;getTextObject();<br>&nbsp;&nbsp;&nbsp; &nbsp;&nbsp;&nbsp; $text = $textObject-&gt;getText();<br>&nbsp;&nbsp;&nbsp;&nbsp;&nbsp;&nbsp;&nbsp; $styleParagraph = $textObject-&gt;getParagraphStyle();<br>&nbsp;&nbsp;&nbsp;&nbsp;&nbsp;&nbsp;&nbsp; $SpIsObject = ($styleParagraph instanceof PHPWord_Style_Paragraph) ? true : false;<br>&nbsp;&nbsp;&nbsp;&nbsp;&nbsp;&nbsp;&nbsp; <br>&nbsp;&nbsp;&nbsp; &nbsp;&nbsp;&nbsp; $depth = $listItem-&gt;getDepth();<br>&nbsp;&nbsp;&nbsp; &nbsp;&nbsp;&nbsp; $listType = $listItem-&gt;getStyle()-&gt;getListType();<br>&nbsp;&nbsp;&nbsp; &nbsp;&nbsp;&nbsp; <br>&nbsp;&nbsp;&nbsp; &nbsp;&nbsp;&nbsp; $objWriter-&gt;startElement('w:p');<br>&nbsp;&nbsp;&nbsp; &nbsp;&nbsp;&nbsp; &nbsp;&nbsp;&nbsp; $objWriter-&gt;startElement('w:pPr');<br>&nbsp;&nbsp;&nbsp;&nbsp;&nbsp;&nbsp;&nbsp;&nbsp;&nbsp;&nbsp;&nbsp; <br>&nbsp;&nbsp;&nbsp;&nbsp;&nbsp;&nbsp;&nbsp;&nbsp;&nbsp;&nbsp;&nbsp;&nbsp;&nbsp;&nbsp;&nbsp; if($SpIsObject) {<br>&nbsp;&nbsp;&nbsp;&nbsp;&nbsp;&nbsp;&nbsp;&nbsp;&nbsp;&nbsp;&nbsp;&nbsp;&nbsp;&nbsp;&nbsp;&nbsp;&nbsp;&nbsp;&nbsp; $this-&gt;_writeParagraphStyle($objWriter, $styleParagraph, true);<br>&nbsp;&nbsp;&nbsp;&nbsp;&nbsp;&nbsp;&nbsp;&nbsp;&nbsp;&nbsp;&nbsp;&nbsp;&nbsp;&nbsp;&nbsp; } elseif(!$SpIsObject &amp;&amp; !is_null($styleParagraph)) {<br>&nbsp;&nbsp;&nbsp;&nbsp;&nbsp;&nbsp;&nbsp;&nbsp;&nbsp;&nbsp;&nbsp;&nbsp;&nbsp;&nbsp;&nbsp;&nbsp;&nbsp;&nbsp;&nbsp; $objWriter-&gt;startElement('w:pStyle');<br>&nbsp;&nbsp;&nbsp;&nbsp;&nbsp;&nbsp;&nbsp;&nbsp;&nbsp;&nbsp;&nbsp;&nbsp;&nbsp;&nbsp;&nbsp;&nbsp;&nbsp;&nbsp;&nbsp;&nbsp;&nbsp;&nbsp;&nbsp; $objWriter-&gt;writeAttribute('w:val', $styleParagraph);<br>&nbsp;&nbsp;&nbsp;&nbsp;&nbsp;&nbsp;&nbsp;&nbsp;&nbsp;&nbsp;&nbsp;&nbsp;&nbsp;&nbsp;&nbsp;&nbsp;&nbsp;&nbsp;&nbsp; $objWriter-&gt;endElement();<br>&nbsp;&nbsp;&nbsp;&nbsp;&nbsp;&nbsp;&nbsp;&nbsp;&nbsp;&nbsp;&nbsp;&nbsp;&nbsp;&nbsp;&nbsp; }<br>&nbsp;&nbsp;&nbsp;&nbsp;&nbsp;&nbsp;&nbsp;&nbsp;&nbsp;&nbsp;&nbsp; <br>&nbsp;&nbsp;&nbsp; &nbsp;&nbsp;&nbsp; &nbsp;&nbsp;&nbsp; &nbsp;&nbsp;&nbsp; $objWriter-&gt;startElement('w:numPr');<br>&nbsp;&nbsp;&nbsp; &nbsp;&nbsp;&nbsp; &nbsp;&nbsp;&nbsp; &nbsp;&nbsp;&nbsp; <br>&nbsp;&nbsp;&nbsp; &nbsp;&nbsp;&nbsp; &nbsp;&nbsp;&nbsp; &nbsp;&nbsp;&nbsp; &nbsp;&nbsp;&nbsp; $objWriter-&gt;startElement('w:ilvl');<br>&nbsp;&nbsp;&nbsp; &nbsp;&nbsp;&nbsp; &nbsp;&nbsp;&nbsp; &nbsp;&nbsp;&nbsp; &nbsp;&nbsp;&nbsp; &nbsp;&nbsp;&nbsp; $objWriter-&gt;writeAttribute('w:val', $depth);<br>&nbsp;&nbsp;&nbsp; &nbsp;&nbsp;&nbsp; &nbsp;&nbsp;&nbsp; &nbsp;&nbsp;&nbsp; &nbsp;&nbsp;&nbsp; $objWriter-&gt;endElement();<br>&nbsp;&nbsp;&nbsp; &nbsp;&nbsp;&nbsp; &nbsp;&nbsp;&nbsp; &nbsp;&nbsp;&nbsp; &nbsp;&nbsp;&nbsp; <br>&nbsp;&nbsp;&nbsp; &nbsp;&nbsp;&nbsp; &nbsp;&nbsp;&nbsp; &nbsp;&nbsp;&nbsp; &nbsp;&nbsp;&nbsp; $objWriter-&gt;startElement('w:numId');<br>&nbsp;&nbsp;&nbsp; &nbsp;&nbsp;&nbsp; &nbsp;&nbsp;&nbsp; &nbsp;&nbsp;&nbsp; &nbsp;&nbsp;&nbsp; &nbsp;&nbsp;&nbsp; $objWriter-&gt;writeAttribute('w:val', $listType);<br>&nbsp;&nbsp;&nbsp; &nbsp;&nbsp;&nbsp; &nbsp;&nbsp;&nbsp; &nbsp;&nbsp;&nbsp; &nbsp;&nbsp;&nbsp; $objWriter-&gt;endElement();<br>&nbsp;&nbsp;&nbsp; &nbsp;&nbsp;&nbsp; &nbsp;&nbsp;&nbsp; &nbsp;&nbsp;&nbsp; &nbsp;&nbsp;&nbsp; <br>&nbsp;&nbsp;&nbsp; &nbsp;&nbsp;&nbsp; &nbsp;&nbsp;&nbsp; &nbsp;&nbsp;&nbsp; $objWriter-&gt;endElement();<br>&nbsp;&nbsp;&nbsp; &nbsp;&nbsp;&nbsp; &nbsp;&nbsp;&nbsp; $objWriter-&gt;endElement();<br>&nbsp;&nbsp;&nbsp; &nbsp;&nbsp;&nbsp; &nbsp;&nbsp;&nbsp; <br>&nbsp;&nbsp;&nbsp; &nbsp;&nbsp;&nbsp; &nbsp;&nbsp;&nbsp; $this-&gt;_writeText($objWriter, $textObject, true);<br>&nbsp;&nbsp;&nbsp; &nbsp;&nbsp;&nbsp; &nbsp;&nbsp;&nbsp; <br>&nbsp;&nbsp;&nbsp; &nbsp;&nbsp;&nbsp; $objWriter-&gt;endElement();<br>&nbsp;&nbsp;&nbsp; }<br>&nbsp;&nbsp;&nbsp; <br>&nbsp;&nbsp;&nbsp; protected function _writeObject(PHPWord_Shared_XMLWriter $objWriter = null, PHPWord_Section_Object $object) {<br>&nbsp;&nbsp;&nbsp; &nbsp;&nbsp;&nbsp; $rIdObject = $object-&gt;getRelationId();<br>&nbsp;&nbsp;&nbsp; &nbsp;&nbsp;&nbsp; $rIdImage = $object-&gt;getImageRelationId();<br>&nbsp;&nbsp;&nbsp; &nbsp;&nbsp;&nbsp; $shapeId = md5($rIdObject.'_'.$rIdImage);<br>&nbsp;&nbsp;&nbsp; &nbsp;&nbsp;&nbsp; <br>&nbsp;&nbsp;&nbsp; &nbsp;&nbsp;&nbsp; $objectId = $object-&gt;getObjectId();<br>&nbsp;&nbsp;&nbsp; &nbsp;&nbsp;&nbsp; <br>&nbsp;&nbsp;&nbsp; &nbsp;&nbsp;&nbsp; $style = $object-&gt;getStyle();<br>&nbsp;&nbsp;&nbsp; &nbsp;&nbsp;&nbsp; $width = $style-&gt;getWidth();<br>&nbsp;&nbsp;&nbsp; &nbsp;&nbsp;&nbsp; $height = $style-&gt;getHeight();<br>&nbsp;&nbsp;&nbsp; &nbsp;&nbsp;&nbsp; $align = $style-&gt;getAlign();<br>&nbsp;&nbsp;&nbsp; &nbsp;&nbsp;&nbsp; <br>&nbsp;&nbsp;&nbsp; &nbsp;&nbsp;&nbsp; <br>&nbsp;&nbsp;&nbsp; &nbsp;&nbsp;&nbsp; $objWriter-&gt;startElement('w:p');<br>&nbsp;&nbsp;&nbsp; &nbsp;&nbsp;&nbsp; <br>&nbsp;&nbsp;&nbsp; &nbsp;&nbsp;&nbsp; &nbsp;&nbsp;&nbsp; if(!is_null($align)) {<br>&nbsp;&nbsp;&nbsp; &nbsp;&nbsp;&nbsp; &nbsp;&nbsp;&nbsp; &nbsp;&nbsp;&nbsp; $objWriter-&gt;startElement('w:pPr');<br>&nbsp;&nbsp;&nbsp; &nbsp;&nbsp;&nbsp; &nbsp;&nbsp;&nbsp; &nbsp;&nbsp;&nbsp; &nbsp;&nbsp;&nbsp; $objWriter-&gt;startElement('w:jc');<br>&nbsp;&nbsp;&nbsp; &nbsp;&nbsp;&nbsp; &nbsp;&nbsp;&nbsp; &nbsp;&nbsp;&nbsp; &nbsp;&nbsp;&nbsp; &nbsp;&nbsp;&nbsp; $objWriter-&gt;writeAttribute('w:val', $align);<br>&nbsp;&nbsp;&nbsp; &nbsp;&nbsp;&nbsp; &nbsp;&nbsp;&nbsp; &nbsp;&nbsp;&nbsp; &nbsp;&nbsp;&nbsp; $objWriter-&gt;endElement();<br>&nbsp;&nbsp;&nbsp; &nbsp;&nbsp;&nbsp; &nbsp;&nbsp;&nbsp; &nbsp;&nbsp;&nbsp; $objWriter-&gt;endElement();<br>&nbsp;&nbsp;&nbsp; &nbsp;&nbsp;&nbsp; &nbsp;&nbsp;&nbsp; }<br>&nbsp;&nbsp;&nbsp; &nbsp;&nbsp;&nbsp; <br>&nbsp;&nbsp;&nbsp; &nbsp;&nbsp;&nbsp; &nbsp;&nbsp;&nbsp; $objWriter-&gt;startElement('w:r');<br>&nbsp;&nbsp;&nbsp; &nbsp;&nbsp;&nbsp; &nbsp;&nbsp;&nbsp; <br>&nbsp;&nbsp;&nbsp; &nbsp;&nbsp;&nbsp; &nbsp;&nbsp;&nbsp; &nbsp;&nbsp;&nbsp; $objWriter-&gt;startElement('w:object');<br>&nbsp;&nbsp;&nbsp; &nbsp;&nbsp;&nbsp; &nbsp;&nbsp;&nbsp; &nbsp;&nbsp;&nbsp; $objWriter-&gt;writeAttribute('w:dxaOrig', '249');<br>&nbsp;&nbsp;&nbsp; &nbsp;&nbsp;&nbsp; &nbsp;&nbsp;&nbsp; &nbsp;&nbsp;&nbsp; $objWriter-&gt;writeAttribute('w:dyaOrig', '160');<br>&nbsp;&nbsp;&nbsp; &nbsp;&nbsp;&nbsp; &nbsp;&nbsp;&nbsp; &nbsp;&nbsp;&nbsp; <br>&nbsp;&nbsp;&nbsp; &nbsp;&nbsp;&nbsp; &nbsp;&nbsp;&nbsp; &nbsp;&nbsp;&nbsp; &nbsp;&nbsp;&nbsp; $objWriter-&gt;startElement('v:shape');<br>&nbsp;&nbsp;&nbsp; &nbsp;&nbsp;&nbsp; &nbsp;&nbsp;&nbsp; &nbsp;&nbsp;&nbsp; &nbsp;&nbsp;&nbsp; $objWriter-&gt;writeAttribute('id', $shapeId);<br>&nbsp;&nbsp;&nbsp; &nbsp;&nbsp;&nbsp; &nbsp;&nbsp;&nbsp; &nbsp;&nbsp;&nbsp; &nbsp;&nbsp;&nbsp; $objWriter-&gt;writeAttribute('type', '#_x0000_t75');<br>&nbsp;&nbsp;&nbsp; &nbsp;&nbsp;&nbsp; &nbsp;&nbsp;&nbsp; &nbsp;&nbsp;&nbsp; &nbsp;&nbsp;&nbsp; $objWriter-&gt;writeAttribute('style', 'width:104px;height:67px');<br>&nbsp;&nbsp;&nbsp; &nbsp;&nbsp;&nbsp; &nbsp;&nbsp;&nbsp; &nbsp;&nbsp;&nbsp; &nbsp;&nbsp;&nbsp; $objWriter-&gt;writeAttribute('o:ole', '');<br>&nbsp;&nbsp;&nbsp; &nbsp;&nbsp;&nbsp; &nbsp;&nbsp;&nbsp; &nbsp;&nbsp;&nbsp; &nbsp;&nbsp;&nbsp; <br>&nbsp;&nbsp;&nbsp; &nbsp;&nbsp;&nbsp; &nbsp;&nbsp;&nbsp; &nbsp;&nbsp;&nbsp; &nbsp;&nbsp;&nbsp; &nbsp;&nbsp;&nbsp; $objWriter-&gt;startElement('v:imagedata');<br>&nbsp;&nbsp;&nbsp; &nbsp;&nbsp;&nbsp; &nbsp;&nbsp;&nbsp; &nbsp;&nbsp;&nbsp; &nbsp;&nbsp;&nbsp; &nbsp;&nbsp;&nbsp; $objWriter-&gt;writeAttribute('r:id', 'rId'.$rIdImage);<br>&nbsp;&nbsp;&nbsp; &nbsp;&nbsp;&nbsp; &nbsp;&nbsp;&nbsp; &nbsp;&nbsp;&nbsp; &nbsp;&nbsp;&nbsp; &nbsp;&nbsp;&nbsp; $objWriter-&gt;writeAttribute('o:title', '');<br>&nbsp;&nbsp;&nbsp; &nbsp;&nbsp;&nbsp; &nbsp;&nbsp;&nbsp; &nbsp;&nbsp;&nbsp; &nbsp;&nbsp;&nbsp; &nbsp;&nbsp;&nbsp; $objWriter-&gt;endElement();<br>&nbsp;&nbsp;&nbsp; &nbsp;&nbsp;&nbsp; &nbsp;&nbsp;&nbsp; &nbsp;&nbsp;&nbsp; &nbsp;&nbsp;&nbsp; &nbsp;&nbsp;&nbsp; <br>&nbsp;&nbsp;&nbsp; &nbsp;&nbsp;&nbsp; &nbsp;&nbsp;&nbsp; &nbsp;&nbsp;&nbsp; &nbsp;&nbsp;&nbsp; $objWriter-&gt;endElement();<br>&nbsp;&nbsp;&nbsp; &nbsp;&nbsp;&nbsp; &nbsp;&nbsp;&nbsp; &nbsp;&nbsp;&nbsp; &nbsp;&nbsp;&nbsp; <br>&nbsp;&nbsp;&nbsp; &nbsp;&nbsp;&nbsp; &nbsp;&nbsp;&nbsp; &nbsp;&nbsp;&nbsp; &nbsp;&nbsp;&nbsp; $objWriter-&gt;startElement('o:OLEObject');<br>&nbsp;&nbsp;&nbsp; &nbsp;&nbsp;&nbsp; &nbsp;&nbsp;&nbsp; &nbsp;&nbsp;&nbsp; &nbsp;&nbsp;&nbsp; $objWriter-&gt;writeAttribute('Type', 'Embed');<br>&nbsp;&nbsp;&nbsp; &nbsp;&nbsp;&nbsp; &nbsp;&nbsp;&nbsp; &nbsp;&nbsp;&nbsp; &nbsp;&nbsp;&nbsp; $objWriter-&gt;writeAttribute('ProgID', 'Package');<br>&nbsp;&nbsp;&nbsp; &nbsp;&nbsp;&nbsp; &nbsp;&nbsp;&nbsp; &nbsp;&nbsp;&nbsp; &nbsp;&nbsp;&nbsp; $objWriter-&gt;writeAttribute('ShapeID', $shapeId);<br>&nbsp;&nbsp;&nbsp; &nbsp;&nbsp;&nbsp; &nbsp;&nbsp;&nbsp; &nbsp;&nbsp;&nbsp; &nbsp;&nbsp;&nbsp; $objWriter-&gt;writeAttribute('DrawAspect', 'Icon');<br>&nbsp;&nbsp;&nbsp; &nbsp;&nbsp;&nbsp; &nbsp;&nbsp;&nbsp; &nbsp;&nbsp;&nbsp; &nbsp;&nbsp;&nbsp; $objWriter-&gt;writeAttribute('ObjectID', '_'.$objectId);<br>&nbsp;&nbsp;&nbsp; &nbsp;&nbsp;&nbsp; &nbsp;&nbsp;&nbsp; &nbsp;&nbsp;&nbsp; &nbsp;&nbsp;&nbsp; $objWriter-&gt;writeAttribute('r:id', 'rId'.$rIdObject);<br>&nbsp;&nbsp;&nbsp; &nbsp;&nbsp;&nbsp; &nbsp;&nbsp;&nbsp; &nbsp;&nbsp;&nbsp; &nbsp;&nbsp;&nbsp; $objWriter-&gt;endElement();<br>&nbsp;&nbsp;&nbsp; &nbsp;&nbsp;&nbsp; &nbsp;&nbsp;&nbsp; &nbsp;&nbsp;&nbsp; &nbsp;&nbsp;&nbsp; <br>&nbsp;&nbsp;&nbsp; &nbsp;&nbsp;&nbsp; &nbsp;&nbsp;&nbsp; &nbsp;&nbsp;&nbsp; $objWriter-&gt;endElement();<br>&nbsp;&nbsp;&nbsp; &nbsp;&nbsp;&nbsp; &nbsp;&nbsp;&nbsp; <br>&nbsp;&nbsp;&nbsp; &nbsp;&nbsp;&nbsp; &nbsp;&nbsp;&nbsp; $objWriter-&gt;endElement(); // w:r<br>&nbsp;&nbsp;&nbsp; &nbsp;&nbsp;&nbsp; &nbsp;&nbsp;&nbsp; <br>&nbsp;&nbsp;&nbsp; &nbsp;&nbsp;&nbsp; $objWriter-&gt;endElement(); // w:p<br>&nbsp;&nbsp;&nbsp; }<br>&nbsp;&nbsp;&nbsp; <br>&nbsp;&nbsp;&nbsp; private function _writeTOC(PHPWord_Shared_XMLWriter $objWriter = null) {<br>&nbsp;&nbsp;&nbsp; &nbsp;&nbsp;&nbsp; $titles = PHPWord_TOC::getTitles();<br>&nbsp;&nbsp;&nbsp; &nbsp;&nbsp;&nbsp; $styleFont = PHPWord_TOC::getStyleFont();<br>&nbsp;&nbsp;&nbsp; &nbsp;&nbsp;&nbsp; <br>&nbsp;&nbsp;&nbsp; &nbsp;&nbsp;&nbsp; $styleTOC = PHPWord_TOC::getStyleTOC();<br>&nbsp;&nbsp;&nbsp; &nbsp;&nbsp;&nbsp; $fIndent = $styleTOC-&gt;getIndent();<br>&nbsp;&nbsp;&nbsp; &nbsp;&nbsp;&nbsp; $tabLeader = $styleTOC-&gt;getTabLeader();<br>&nbsp;&nbsp;&nbsp; &nbsp;&nbsp;&nbsp; $tabPos = $styleTOC-&gt;getTabPos();<br>&nbsp;&nbsp;&nbsp; &nbsp;&nbsp;&nbsp; <br>&nbsp;&nbsp;&nbsp; &nbsp;&nbsp;&nbsp; $isObject = ($styleFont instanceof PHPWord_Style_Font) ? true : false;<br>&nbsp;&nbsp;&nbsp; &nbsp;&nbsp;&nbsp; <br>&nbsp;&nbsp;&nbsp; &nbsp;&nbsp;&nbsp; for($i=0; $i&lt;count($titles); $i&#43;&#43;) {<br>&nbsp;&nbsp;&nbsp; &nbsp;&nbsp;&nbsp; &nbsp;&nbsp;&nbsp; $title = $titles[$i];<br>&nbsp;&nbsp;&nbsp; &nbsp;&nbsp;&nbsp; &nbsp;&nbsp;&nbsp; $indent = ($title['depth'] - 1) * $fIndent;<br>&nbsp;&nbsp;&nbsp; &nbsp;&nbsp;&nbsp; &nbsp;&nbsp;&nbsp; <br>&nbsp;&nbsp;&nbsp; &nbsp;&nbsp;&nbsp; &nbsp;&nbsp;&nbsp; $objWriter-&gt;startElement('w:p');<br>&nbsp;&nbsp;&nbsp; &nbsp;&nbsp;&nbsp; &nbsp;&nbsp;&nbsp; <br>&nbsp;&nbsp;&nbsp; &nbsp;&nbsp;&nbsp; &nbsp;&nbsp;&nbsp; &nbsp;&nbsp;&nbsp; $objWriter-&gt;startElement('w:pPr');<br>&nbsp;&nbsp;&nbsp; &nbsp;&nbsp;&nbsp; &nbsp;&nbsp;&nbsp; &nbsp;&nbsp;&nbsp; &nbsp;&nbsp;&nbsp; <br>&nbsp;&nbsp;&nbsp;&nbsp;&nbsp;&nbsp;&nbsp;&nbsp;&nbsp;&nbsp;&nbsp;&nbsp;&nbsp;&nbsp;&nbsp;&nbsp;&nbsp;&nbsp;&nbsp; if($isObject &amp;&amp; !is_null($styleFont-&gt;getParagraphStyle())) {<br>&nbsp;&nbsp;&nbsp;&nbsp;&nbsp;&nbsp;&nbsp;&nbsp;&nbsp;&nbsp;&nbsp;&nbsp;&nbsp;&nbsp;&nbsp;&nbsp;&nbsp;&nbsp;&nbsp;&nbsp;&nbsp;&nbsp;&nbsp; $this-&gt;_writeParagraphStyle($objWriter, $styleFont-&gt;getParagraphStyle());<br>&nbsp;&nbsp;&nbsp;&nbsp;&nbsp;&nbsp;&nbsp;&nbsp;&nbsp;&nbsp;&nbsp;&nbsp;&nbsp;&nbsp;&nbsp;&nbsp;&nbsp;&nbsp;&nbsp; }<br>&nbsp;&nbsp;&nbsp; &nbsp;&nbsp;&nbsp; &nbsp;&nbsp;&nbsp; &nbsp;&nbsp;&nbsp; &nbsp;&nbsp;&nbsp; <br>&nbsp;&nbsp;&nbsp; &nbsp;&nbsp;&nbsp; &nbsp;&nbsp;&nbsp; &nbsp;&nbsp;&nbsp; &nbsp;&nbsp;&nbsp; if($indent &gt; 0) {<br>&nbsp;&nbsp;&nbsp; &nbsp;&nbsp;&nbsp; &nbsp;&nbsp;&nbsp; &nbsp;&nbsp;&nbsp; &nbsp;&nbsp;&nbsp; &nbsp;&nbsp;&nbsp; $objWriter-&gt;startElement('w:ind');<br>&nbsp;&nbsp;&nbsp; &nbsp;&nbsp;&nbsp; &nbsp;&nbsp;&nbsp; &nbsp;&nbsp;&nbsp; &nbsp;&nbsp;&nbsp; &nbsp;&nbsp;&nbsp; &nbsp;&nbsp;&nbsp; $objWriter-&gt;writeAttribute('w:left', $indent);<br>&nbsp;&nbsp;&nbsp; &nbsp;&nbsp;&nbsp; &nbsp;&nbsp;&nbsp; &nbsp;&nbsp;&nbsp; &nbsp;&nbsp;&nbsp; &nbsp;&nbsp;&nbsp; $objWriter-&gt;endElement();<br>&nbsp;&nbsp;&nbsp; &nbsp;&nbsp;&nbsp; &nbsp;&nbsp;&nbsp; &nbsp;&nbsp;&nbsp; &nbsp;&nbsp;&nbsp; }<br>&nbsp;&nbsp;&nbsp; &nbsp;&nbsp;&nbsp; &nbsp;&nbsp;&nbsp; &nbsp;&nbsp;&nbsp; &nbsp;&nbsp;&nbsp; <br>&nbsp;&nbsp;&nbsp; &nbsp;&nbsp;&nbsp; &nbsp;&nbsp;&nbsp; &nbsp;&nbsp;&nbsp; &nbsp;&nbsp;&nbsp; if(!empty($styleFont) &amp;&amp; !$isObject) {<br>&nbsp;&nbsp;&nbsp; &nbsp;&nbsp;&nbsp; &nbsp;&nbsp;&nbsp; &nbsp;&nbsp;&nbsp; &nbsp;&nbsp;&nbsp; &nbsp;&nbsp;&nbsp; $objWriter-&gt;startElement('w:pPr');<br>&nbsp;&nbsp;&nbsp; &nbsp;&nbsp;&nbsp; &nbsp;&nbsp;&nbsp; &nbsp;&nbsp;&nbsp; &nbsp;&nbsp;&nbsp; &nbsp;&nbsp;&nbsp; &nbsp;&nbsp;&nbsp; $objWriter-&gt;startElement('w:pStyle');<br>&nbsp;&nbsp;&nbsp; &nbsp;&nbsp;&nbsp; &nbsp;&nbsp;&nbsp; &nbsp;&nbsp;&nbsp; &nbsp;&nbsp;&nbsp; &nbsp;&nbsp;&nbsp; &nbsp;&nbsp;&nbsp; &nbsp;&nbsp;&nbsp; $objWriter-&gt;writeAttribute('w:val', $styleFont);<br>&nbsp;&nbsp;&nbsp; &nbsp;&nbsp;&nbsp; &nbsp;&nbsp;&nbsp; &nbsp;&nbsp;&nbsp; &nbsp;&nbsp;&nbsp; &nbsp;&nbsp;&nbsp; &nbsp;&nbsp;&nbsp; $objWriter-&gt;endElement();<br>&nbsp;&nbsp;&nbsp; &nbsp;&nbsp;&nbsp; &nbsp;&nbsp;&nbsp; &nbsp;&nbsp;&nbsp; &nbsp;&nbsp;&nbsp; &nbsp;&nbsp;&nbsp; $objWriter-&gt;endElement();<br>&nbsp;&nbsp;&nbsp; &nbsp;&nbsp;&nbsp; &nbsp;&nbsp;&nbsp; &nbsp;&nbsp;&nbsp; &nbsp;&nbsp;&nbsp; }<br>&nbsp;&nbsp;&nbsp; &nbsp;&nbsp;&nbsp; &nbsp;&nbsp;&nbsp; &nbsp;&nbsp;&nbsp; &nbsp;&nbsp;&nbsp; <br>&nbsp;&nbsp;&nbsp; &nbsp;&nbsp;&nbsp; &nbsp;&nbsp;&nbsp; &nbsp;&nbsp;&nbsp; &nbsp;&nbsp;&nbsp; $objWriter-&gt;startElement('w:tabs');<br>&nbsp;&nbsp;&nbsp; &nbsp;&nbsp;&nbsp; &nbsp;&nbsp;&nbsp; &nbsp;&nbsp;&nbsp; &nbsp;&nbsp;&nbsp; &nbsp;&nbsp;&nbsp; $objWriter-&gt;startElement('w:tab');<br>&nbsp;&nbsp;&nbsp; &nbsp;&nbsp;&nbsp; &nbsp;&nbsp;&nbsp; &nbsp;&nbsp;&nbsp; &nbsp;&nbsp;&nbsp; &nbsp;&nbsp;&nbsp; &nbsp;&nbsp;&nbsp; $objWriter-&gt;writeAttribute('w:val', 'right');<br>&nbsp;&nbsp;&nbsp; &nbsp;&nbsp;&nbsp; &nbsp;&nbsp;&nbsp; &nbsp;&nbsp;&nbsp; &nbsp;&nbsp;&nbsp; &nbsp;&nbsp;&nbsp; &nbsp;&nbsp;&nbsp; if(!empty($tabLeader)) {<br>&nbsp;&nbsp;&nbsp; &nbsp;&nbsp;&nbsp; &nbsp;&nbsp;&nbsp; &nbsp;&nbsp;&nbsp; &nbsp;&nbsp;&nbsp; &nbsp;&nbsp;&nbsp; &nbsp;&nbsp;&nbsp; &nbsp;&nbsp;&nbsp; $objWriter-&gt;writeAttribute('w:leader', $tabLeader);<br>&nbsp;&nbsp;&nbsp; &nbsp;&nbsp;&nbsp; &nbsp;&nbsp;&nbsp; &nbsp;&nbsp;&nbsp; &nbsp;&nbsp;&nbsp; &nbsp;&nbsp;&nbsp; &nbsp;&nbsp;&nbsp; }<br>&nbsp;&nbsp;&nbsp; &nbsp;&nbsp;&nbsp; &nbsp;&nbsp;&nbsp; &nbsp;&nbsp;&nbsp; &nbsp;&nbsp;&nbsp; &nbsp;&nbsp;&nbsp; &nbsp;&nbsp;&nbsp; $objWriter-&gt;writeAttribute('w:pos', $tabPos);<br>&nbsp;&nbsp;&nbsp; &nbsp;&nbsp;&nbsp; &nbsp;&nbsp;&nbsp; &nbsp;&nbsp;&nbsp; &nbsp;&nbsp;&nbsp; &nbsp;&nbsp;&nbsp; $objWriter-&gt;endElement();<br>&nbsp;&nbsp;&nbsp; &nbsp;&nbsp;&nbsp; &nbsp;&nbsp;&nbsp; &nbsp;&nbsp;&nbsp; &nbsp;&nbsp;&nbsp; $objWriter-&gt;endElement();<br>&nbsp;&nbsp;&nbsp; &nbsp;&nbsp;&nbsp; &nbsp;&nbsp;&nbsp; &nbsp;&nbsp;&nbsp; <br>&nbsp;&nbsp;&nbsp; &nbsp;&nbsp;&nbsp; &nbsp;&nbsp;&nbsp; &nbsp;&nbsp;&nbsp; $objWriter-&gt;endElement(); // w:pPr<br>&nbsp;&nbsp;&nbsp; &nbsp;&nbsp;&nbsp; &nbsp;&nbsp;&nbsp; &nbsp;&nbsp;&nbsp; <br>&nbsp;&nbsp;&nbsp; &nbsp;&nbsp;&nbsp; &nbsp;&nbsp;&nbsp; &nbsp;&nbsp;&nbsp; <br>&nbsp;&nbsp;&nbsp; &nbsp;&nbsp;&nbsp; &nbsp;&nbsp;&nbsp; &nbsp;&nbsp;&nbsp; if($i == 0) {<br>&nbsp;&nbsp;&nbsp; &nbsp;&nbsp;&nbsp; &nbsp;&nbsp;&nbsp; &nbsp;&nbsp;&nbsp; &nbsp;&nbsp;&nbsp; $objWriter-&gt;startElement('w:r');<br>&nbsp;&nbsp;&nbsp; &nbsp;&nbsp;&nbsp; &nbsp;&nbsp;&nbsp; &nbsp;&nbsp;&nbsp; &nbsp;&nbsp;&nbsp; &nbsp;&nbsp;&nbsp; $objWriter-&gt;startElement('w:fldChar');<br>&nbsp;&nbsp;&nbsp; &nbsp;&nbsp;&nbsp; &nbsp;&nbsp;&nbsp; &nbsp;&nbsp;&nbsp; &nbsp;&nbsp;&nbsp; &nbsp;&nbsp;&nbsp; &nbsp;&nbsp;&nbsp; $objWriter-&gt;writeAttribute('w:fldCharType', 'begin');<br>&nbsp;&nbsp;&nbsp; &nbsp;&nbsp;&nbsp; &nbsp;&nbsp;&nbsp; &nbsp;&nbsp;&nbsp; &nbsp;&nbsp;&nbsp; &nbsp;&nbsp;&nbsp; $objWriter-&gt;endElement();<br>&nbsp;&nbsp;&nbsp; &nbsp;&nbsp;&nbsp; &nbsp;&nbsp;&nbsp; &nbsp;&nbsp;&nbsp; &nbsp;&nbsp;&nbsp; $objWriter-&gt;endElement();<br>&nbsp;&nbsp;&nbsp; &nbsp;&nbsp;&nbsp; &nbsp;&nbsp;&nbsp; &nbsp;&nbsp;&nbsp; &nbsp;&nbsp;&nbsp; <br>&nbsp;&nbsp;&nbsp; &nbsp;&nbsp;&nbsp; &nbsp;&nbsp;&nbsp; &nbsp;&nbsp;&nbsp; &nbsp;&nbsp;&nbsp; $objWriter-&gt;startElement('w:r');<br>&nbsp;&nbsp;&nbsp; &nbsp;&nbsp;&nbsp; &nbsp;&nbsp;&nbsp; &nbsp;&nbsp;&nbsp; &nbsp;&nbsp;&nbsp; &nbsp;&nbsp;&nbsp; $objWriter-&gt;startElement('w:instrText');<br>&nbsp;&nbsp;&nbsp; &nbsp;&nbsp;&nbsp; &nbsp;&nbsp;&nbsp; &nbsp;&nbsp;&nbsp; &nbsp;&nbsp;&nbsp; &nbsp;&nbsp;&nbsp; &nbsp;&nbsp;&nbsp; $objWriter-&gt;writeAttribute('xml:space', 'preserve');<br>&nbsp;&nbsp;&nbsp; &nbsp;&nbsp;&nbsp; &nbsp;&nbsp;&nbsp; &nbsp;&nbsp;&nbsp; &nbsp;&nbsp;&nbsp; &nbsp;&nbsp;&nbsp; &nbsp;&nbsp;&nbsp; $objWriter-&gt;writeRaw('TOC \\o &quot;1-9&quot; \\h \\z \\u');<br>&nbsp;&nbsp;&nbsp; &nbsp;&nbsp;&nbsp; &nbsp;&nbsp;&nbsp; &nbsp;&nbsp;&nbsp; &nbsp;&nbsp;&nbsp; &nbsp;&nbsp;&nbsp; $objWriter-&gt;endElement();<br>&nbsp;&nbsp;&nbsp; &nbsp;&nbsp;&nbsp; &nbsp;&nbsp;&nbsp; &nbsp;&nbsp;&nbsp; &nbsp;&nbsp;&nbsp; $objWriter-&gt;endElement();<br>&nbsp;&nbsp;&nbsp; &nbsp;&nbsp;&nbsp; &nbsp;&nbsp;&nbsp; &nbsp;&nbsp;&nbsp; &nbsp;&nbsp;&nbsp; <br>&nbsp;&nbsp;&nbsp; &nbsp;&nbsp;&nbsp; &nbsp;&nbsp;&nbsp; &nbsp;&nbsp;&nbsp; &nbsp;&nbsp;&nbsp; $objWriter-&gt;startElement('w:r');<br>&nbsp;&nbsp;&nbsp; &nbsp;&nbsp;&nbsp; &nbsp;&nbsp;&nbsp; &nbsp;&nbsp;&nbsp; &nbsp;&nbsp;&nbsp; &nbsp;&nbsp;&nbsp; $objWriter-&gt;startElement('w:fldChar');<br>&nbsp;&nbsp;&nbsp; &nbsp;&nbsp;&nbsp; &nbsp;&nbsp;&nbsp; &nbsp;&nbsp;&nbsp; &nbsp;&nbsp;&nbsp; &nbsp;&nbsp;&nbsp; &nbsp;&nbsp;&nbsp; $objWriter-&gt;writeAttribute('w:fldCharType', 'separate');<br>&nbsp;&nbsp;&nbsp; &nbsp;&nbsp;&nbsp; &nbsp;&nbsp;&nbsp; &nbsp;&nbsp;&nbsp; &nbsp;&nbsp;&nbsp; &nbsp;&nbsp;&nbsp; $objWriter-&gt;endElement();<br>&nbsp;&nbsp;&nbsp; &nbsp;&nbsp;&nbsp; &nbsp;&nbsp;&nbsp; &nbsp;&nbsp;&nbsp; &nbsp;&nbsp;&nbsp; $objWriter-&gt;endElement();<br>&nbsp;&nbsp;&nbsp; &nbsp;&nbsp;&nbsp; &nbsp;&nbsp;&nbsp; &nbsp;&nbsp;&nbsp; }<br>&nbsp;&nbsp;&nbsp; &nbsp;&nbsp;&nbsp; &nbsp;&nbsp;&nbsp; &nbsp;&nbsp;&nbsp; <br>&nbsp;&nbsp;&nbsp; &nbsp;&nbsp;&nbsp; &nbsp;&nbsp;&nbsp; &nbsp;&nbsp;&nbsp; $objWriter-&gt;startElement('w:hyperlink');<br>&nbsp;&nbsp;&nbsp; &nbsp;&nbsp;&nbsp; &nbsp;&nbsp;&nbsp; &nbsp;&nbsp;&nbsp; &nbsp;&nbsp;&nbsp; $objWriter-&gt;writeAttribute('w:anchor', $title['anchor']);<br>&nbsp;&nbsp;&nbsp; &nbsp;&nbsp;&nbsp; &nbsp;&nbsp;&nbsp; &nbsp;&nbsp;&nbsp; &nbsp;&nbsp;&nbsp; $objWriter-&gt;writeAttribute('w:history', '1');<br>&nbsp;&nbsp;&nbsp; &nbsp;&nbsp;&nbsp; &nbsp;&nbsp;&nbsp; &nbsp;&nbsp;&nbsp; &nbsp;&nbsp;&nbsp; <br>&nbsp;&nbsp;&nbsp; &nbsp;&nbsp;&nbsp; &nbsp;&nbsp;&nbsp; &nbsp;&nbsp;&nbsp; &nbsp;&nbsp;&nbsp; $objWriter-&gt;startElement('w:r');<br>&nbsp;&nbsp;&nbsp; &nbsp;&nbsp;&nbsp; &nbsp;&nbsp;&nbsp; &nbsp;&nbsp;&nbsp; &nbsp;&nbsp;&nbsp; <br>&nbsp;&nbsp;&nbsp; &nbsp;&nbsp;&nbsp; &nbsp;&nbsp;&nbsp; &nbsp;&nbsp;&nbsp; &nbsp;&nbsp;&nbsp; &nbsp;&nbsp;&nbsp; if($isObject) {<br>&nbsp;&nbsp;&nbsp; &nbsp;&nbsp;&nbsp; &nbsp;&nbsp;&nbsp; &nbsp;&nbsp;&nbsp; &nbsp;&nbsp;&nbsp; &nbsp;&nbsp;&nbsp; &nbsp;&nbsp;&nbsp; $this-&gt;_writeTextStyle($objWriter, $styleFont);<br>&nbsp;&nbsp;&nbsp; &nbsp;&nbsp;&nbsp; &nbsp;&nbsp;&nbsp; &nbsp;&nbsp;&nbsp; &nbsp;&nbsp;&nbsp; &nbsp;&nbsp;&nbsp; }<br>&nbsp;&nbsp;&nbsp; &nbsp;&nbsp;&nbsp; &nbsp;&nbsp;&nbsp; &nbsp;&nbsp;&nbsp; &nbsp;&nbsp;&nbsp; &nbsp;&nbsp;&nbsp; <br>&nbsp;&nbsp;&nbsp; &nbsp;&nbsp;&nbsp; &nbsp;&nbsp;&nbsp; &nbsp;&nbsp;&nbsp; &nbsp;&nbsp;&nbsp; &nbsp;&nbsp;&nbsp; $objWriter-&gt;startElement('w:t');<br>&nbsp;&nbsp;&nbsp; &nbsp;&nbsp;&nbsp; &nbsp;&nbsp;&nbsp; &nbsp;&nbsp;&nbsp; &nbsp;&nbsp;&nbsp; &nbsp;&nbsp;&nbsp; &nbsp;&nbsp;&nbsp; $objWriter-&gt;writeRaw($title['text']);<br>&nbsp;&nbsp;&nbsp; &nbsp;&nbsp;&nbsp; &nbsp;&nbsp;&nbsp; &nbsp;&nbsp;&nbsp; &nbsp;&nbsp;&nbsp; &nbsp;&nbsp;&nbsp; $objWriter-&gt;endElement();<br>&nbsp;&nbsp;&nbsp; &nbsp;&nbsp;&nbsp; &nbsp;&nbsp;&nbsp; &nbsp;&nbsp;&nbsp; &nbsp;&nbsp;&nbsp; $objWriter-&gt;endElement();<br>&nbsp;&nbsp;&nbsp; &nbsp;&nbsp;&nbsp; &nbsp;&nbsp;&nbsp; &nbsp;&nbsp;&nbsp; &nbsp;&nbsp;&nbsp; <br>&nbsp;&nbsp;&nbsp; &nbsp;&nbsp;&nbsp; &nbsp;&nbsp;&nbsp; &nbsp;&nbsp;&nbsp; &nbsp;&nbsp;&nbsp; $objWriter-&gt;startElement('w:r');<br>&nbsp;&nbsp;&nbsp; &nbsp;&nbsp;&nbsp; &nbsp;&nbsp;&nbsp; &nbsp;&nbsp;&nbsp; &nbsp;&nbsp;&nbsp; &nbsp;&nbsp;&nbsp; $objWriter-&gt;writeElement('w:tab', null);<br>&nbsp;&nbsp;&nbsp; &nbsp;&nbsp;&nbsp; &nbsp;&nbsp;&nbsp; &nbsp;&nbsp;&nbsp; &nbsp;&nbsp;&nbsp; $objWriter-&gt;endElement();<br>&nbsp;&nbsp;&nbsp; &nbsp;&nbsp;&nbsp; &nbsp;&nbsp;&nbsp; &nbsp;&nbsp;&nbsp; &nbsp;&nbsp;&nbsp; <br>&nbsp;&nbsp;&nbsp; &nbsp;&nbsp;&nbsp; &nbsp;&nbsp;&nbsp; &nbsp;&nbsp;&nbsp; &nbsp;&nbsp;&nbsp; $objWriter-&gt;startElement('w:r');<br>&nbsp;&nbsp;&nbsp; &nbsp;&nbsp;&nbsp; &nbsp;&nbsp;&nbsp; &nbsp;&nbsp;&nbsp; &nbsp;&nbsp;&nbsp; &nbsp;&nbsp;&nbsp; $objWriter-&gt;startElement('w:fldChar');<br>&nbsp;&nbsp;&nbsp; &nbsp;&nbsp;&nbsp; &nbsp;&nbsp;&nbsp; &nbsp;&nbsp;&nbsp; &nbsp;&nbsp;&nbsp; &nbsp;&nbsp;&nbsp; &nbsp;&nbsp;&nbsp; $objWriter-&gt;writeAttribute('w:fldCharType', 'begin');<br>&nbsp;&nbsp;&nbsp; &nbsp;&nbsp;&nbsp; &nbsp;&nbsp;&nbsp; &nbsp;&nbsp;&nbsp; &nbsp;&nbsp;&nbsp; &nbsp;&nbsp;&nbsp; $objWriter-&gt;endElement();<br>&nbsp;&nbsp;&nbsp; &nbsp;&nbsp;&nbsp; &nbsp;&nbsp;&nbsp; &nbsp;&nbsp;&nbsp; &nbsp;&nbsp;&nbsp; $objWriter-&gt;endElement();<br>&nbsp;&nbsp;&nbsp; &nbsp;&nbsp;&nbsp; &nbsp;&nbsp;&nbsp; &nbsp;&nbsp;&nbsp; &nbsp;&nbsp;&nbsp; <br>&nbsp;&nbsp;&nbsp; &nbsp;&nbsp;&nbsp; &nbsp;&nbsp;&nbsp; &nbsp;&nbsp;&nbsp; &nbsp;&nbsp;&nbsp; $objWriter-&gt;startElement('w:r');<br>&nbsp;&nbsp;&nbsp; &nbsp;&nbsp;&nbsp; &nbsp;&nbsp;&nbsp; &nbsp;&nbsp;&nbsp; &nbsp;&nbsp;&nbsp; &nbsp;&nbsp;&nbsp; $objWriter-&gt;startElement('w:instrText');<br>&nbsp;&nbsp;&nbsp; &nbsp;&nbsp;&nbsp; &nbsp;&nbsp;&nbsp; &nbsp;&nbsp;&nbsp; &nbsp;&nbsp;&nbsp; &nbsp;&nbsp;&nbsp; &nbsp;&nbsp;&nbsp; $objWriter-&gt;writeAttribute('xml:space', 'preserve');<br>&nbsp;&nbsp;&nbsp; &nbsp;&nbsp;&nbsp; &nbsp;&nbsp;&nbsp; &nbsp;&nbsp;&nbsp; &nbsp;&nbsp;&nbsp; &nbsp;&nbsp;&nbsp; &nbsp;&nbsp;&nbsp; $objWriter-&gt;writeRaw('PAGEREF '.$title['anchor'].' \\h');<br>&nbsp;&nbsp;&nbsp; &nbsp;&nbsp;&nbsp; &nbsp;&nbsp;&nbsp; &nbsp;&nbsp;&nbsp; &nbsp;&nbsp;&nbsp; &nbsp;&nbsp;&nbsp; $objWriter-&gt;endElement();<br>&nbsp;&nbsp;&nbsp; &nbsp;&nbsp;&nbsp; &nbsp;&nbsp;&nbsp; &nbsp;&nbsp;&nbsp; &nbsp;&nbsp;&nbsp; $objWriter-&gt;endElement();<br>&nbsp;&nbsp;&nbsp; &nbsp;&nbsp;&nbsp; &nbsp;&nbsp;&nbsp; &nbsp;&nbsp;&nbsp; &nbsp;&nbsp;&nbsp; <br>&nbsp;&nbsp;&nbsp; &nbsp;&nbsp;&nbsp; &nbsp;&nbsp;&nbsp; &nbsp;&nbsp;&nbsp; &nbsp;&nbsp;&nbsp; $objWriter-&gt;startElement('w:r');<br>&nbsp;&nbsp;&nbsp; &nbsp;&nbsp;&nbsp; &nbsp;&nbsp;&nbsp; &nbsp;&nbsp;&nbsp; &nbsp;&nbsp;&nbsp; &nbsp;&nbsp;&nbsp; $objWriter-&gt;startElement('w:fldChar');<br>&nbsp;&nbsp;&nbsp; &nbsp;&nbsp;&nbsp; &nbsp;&nbsp;&nbsp; &nbsp;&nbsp;&nbsp; &nbsp;&nbsp;&nbsp; &nbsp;&nbsp;&nbsp; &nbsp;&nbsp;&nbsp; $objWriter-&gt;writeAttribute('w:fldCharType', 'end');<br>&nbsp;&nbsp;&nbsp; &nbsp;&nbsp;&nbsp; &nbsp;&nbsp;&nbsp; &nbsp;&nbsp;&nbsp; &nbsp;&nbsp;&nbsp; &nbsp;&nbsp;&nbsp; $objWriter-&gt;endElement();<br>&nbsp;&nbsp;&nbsp; &nbsp;&nbsp;&nbsp; &nbsp;&nbsp;&nbsp; &nbsp;&nbsp;&nbsp; &nbsp;&nbsp;&nbsp; $objWriter-&gt;endElement();<br>&nbsp;&nbsp;&nbsp; &nbsp;&nbsp;&nbsp; &nbsp;&nbsp;&nbsp; &nbsp;&nbsp;&nbsp; &nbsp;&nbsp;&nbsp; <br>&nbsp;&nbsp;&nbsp; &nbsp;&nbsp;&nbsp; &nbsp;&nbsp;&nbsp; &nbsp;&nbsp;&nbsp; $objWriter-&gt;endElement(); // w:hyperlink<br>&nbsp;&nbsp;&nbsp; &nbsp;&nbsp;&nbsp; &nbsp;&nbsp;&nbsp; <br>&nbsp;&nbsp;&nbsp; &nbsp;&nbsp;&nbsp; &nbsp;&nbsp;&nbsp; $objWriter-&gt;endElement(); // w:p<br>&nbsp;&nbsp;&nbsp; &nbsp;&nbsp;&nbsp; }<br>&nbsp;&nbsp;&nbsp; &nbsp;&nbsp;&nbsp; <br>&nbsp;&nbsp;&nbsp; &nbsp;&nbsp;&nbsp; $objWriter-&gt;startElement('w:p');<br>&nbsp;&nbsp;&nbsp; &nbsp;&nbsp;&nbsp; &nbsp;&nbsp;&nbsp; $objWriter-&gt;startElement('w:r');<br>&nbsp;&nbsp;&nbsp; &nbsp;&nbsp;&nbsp; &nbsp;&nbsp;&nbsp; &nbsp;&nbsp;&nbsp; $objWriter-&gt;startElement('w:fldChar');<br>&nbsp;&nbsp;&nbsp; &nbsp;&nbsp;&nbsp; &nbsp;&nbsp;&nbsp; &nbsp;&nbsp;&nbsp; &nbsp;&nbsp;&nbsp; $objWriter-&gt;writeAttribute('w:fldCharType', 'end');<br>&nbsp;&nbsp;&nbsp; &nbsp;&nbsp;&nbsp; &nbsp;&nbsp;&nbsp; &nbsp;&nbsp;&nbsp; $objWriter-&gt;endElement();<br>&nbsp;&nbsp;&nbsp; &nbsp;&nbsp;&nbsp; &nbsp;&nbsp;&nbsp; $objWriter-&gt;endElement();<br>&nbsp;&nbsp;&nbsp; &nbsp;&nbsp;&nbsp; $objWriter-&gt;endElement();<br>&nbsp;&nbsp;&nbsp; }<br>}<br><br>For use:<br>$PHPWord-&gt;createSection(array('orientation' =&gt; 'landscape', // null=portrait<br>&nbsp;&nbsp;&nbsp; &nbsp;&nbsp;&nbsp; &nbsp;&nbsp;&nbsp; &nbsp;&nbsp;&nbsp; 'marginLeft' =&gt; 2000,<br>&nbsp;&nbsp;&nbsp; &nbsp;&nbsp;&nbsp; &nbsp;&nbsp;&nbsp; &nbsp;&nbsp;&nbsp; 'marginRight' =&gt; 1000,<br>&nbsp;&nbsp;&nbsp; &nbsp;&nbsp;&nbsp; &nbsp;&nbsp;&nbsp; &nbsp;&nbsp;&nbsp; 'marginTop' =&gt; 2000,<br>&nbsp;&nbsp;&nbsp; &nbsp;&nbsp;&nbsp; &nbsp;&nbsp;&nbsp; &nbsp;&nbsp;&nbsp; 'marginBottom' =&gt; 1000,<br>&nbsp;&nbsp;&nbsp; &nbsp;&nbsp;&nbsp; &nbsp;&nbsp;&nbsp; &nbsp;&nbsp;&nbsp; 'footerHeight' =&gt; 600,<br>&nbsp;&nbsp;&nbsp; &nbsp;&nbsp;&nbsp; &nbsp;&nbsp;&nbsp; &nbsp;&nbsp;&nbsp; 'headerHeight' =&gt; 500)<br><br>, array('colsNum'&nbsp;&nbsp;&nbsp; =&gt; 2));<br><br><br></pre>\r\n",
    "PostedDate": "2012-07-26T22:45:59.84-07:00",
    "UserRole": null,
    "MarkedAsAnswerDate": null
  }
]