[
  {
    "Id": "1087858",
    "ThreadId": "455343",
    "Html": "Hi<br />\n<br />\nI am using the PHPWord project to generate bibliographies, but I'm having a hard time doing a hanging indent.<br />\n<br />\nJust for your knowledge, a hanging indent is an indent where the first line is indented outwards<br />\n<br />\nAny help would be greatly apprecitated<br />\n<br />\nThank You!!<br />\n",
    "PostedDate": "2013-09-03T12:03:26.11-07:00",
    "UserRole": null,
    "MarkedAsAnswerDate": null
  }
]