[
  {
    "Id": "1120723",
    "ThreadId": "467260",
    "Html": "I have a problem while writing table of content in doc file. At the bottom of each page in doc, one line is cutting and hiding. \r<br />\n<br />\nHow do i solve this.\r<br />\n<br />\nBelow is the screenshot.\r<br />\n<a href=\"https://app.box.com/embed/2gkb0vt8ev5yqyc.swf\" rel=\"nofollow\">https://app.box.com/embed/2gkb0vt8ev5yqyc.swf</a>\r<br />\n<br />\nThanks in advance<br />\n",
    "PostedDate": "2013-11-08T22:09:46.817-08:00",
    "UserRole": null,
    "MarkedAsAnswerDate": null
  }
]