[
  {
    "Id": "577579",
    "ThreadId": "248969",
    "Html": "\r\n<p>Hello, I have about 4.000 office file and I need to remove the header that appears in all the pages and show the file<br>\r\nin the browser ....</p>\r\n<p>Could I do it with this library?</p>\r\n<p>Could I open .doc file, remove the header and them save to a new file the new .doc file?</p>\r\n<p>Thanks a lot</p>\r\n<p>&nbsp;</p>\r\n",
    "PostedDate": "2011-03-09T00:38:09.06-08:00",
    "UserRole": null,
    "MarkedAsAnswerDate": null
  }
]