[
  {
    "Id": "911726",
    "ThreadId": "395320",
    "Html": "\r\n<p>as in the title.&nbsp;I have to put a picture of the generated file on website, so i need a image file of pdf. Do you know any solution?</p>\r\n",
    "PostedDate": "2012-09-12T11:15:24.477-07:00",
    "UserRole": null,
    "MarkedAsAnswerDate": null
  },
  {
    "Id": "982871",
    "ThreadId": "395320",
    "Html": "\r\n<p>interested too !</p>\r\n",
    "PostedDate": "2013-01-03T16:01:54.057-08:00",
    "UserRole": null,
    "MarkedAsAnswerDate": null
  }
]