[
  {
    "Id": "850488",
    "ThreadId": "360030",
    "Html": "\r\n<p>Hi,<br>\r\n<br>\r\nI am newbie to phpword library. This is the wonderful library and i found all the feature that i need to generate my auto word document but except one. I need to save the file in .doc format and it should be in compliance with the 2003 Microsoft Office.<br>\r\n<br>\r\nThis works fine:<br>\r\n$objWriter = PHPWord_IOFactory::createWriter($PHPWord, 'Word2007');<br>\r\n$objWriter-&gt;save('myDoc.docx');<br>\r\n<br>\r\nbut, this doesn't<br>\r\n$objWriter = PHPWord_IOFactory::createWriter($PHPWord, 'Word2003');<br>\r\n$objWriter-&gt;save('myDoc.doc');<br>\r\n&nbsp;<br>\r\n<br>\r\nThanks in Advance..</p>\r\n",
    "PostedDate": "2012-06-18T11:46:02.567-07:00",
    "UserRole": null,
    "MarkedAsAnswerDate": null
  }
]