[
  {
    "Id": "684250",
    "ThreadId": "275905",
    "Html": "\r\n<p>Hello!</p>\r\n<p>First of all: thank you for your great work!<br>\r\nYou already made my day by including loads of great features like the TOC and the Total number of pages.</p>\r\n<p>Now to my main concern: Is there an implemention of Graphs planned in the next release?&nbsp;<br>\r\nIt's the only feature that I'm really missing in your project.</p>\r\n<p>&nbsp;</p>\r\n",
    "PostedDate": "2011-10-14T05:34:21.087-07:00",
    "UserRole": null,
    "MarkedAsAnswerDate": null
  }
]