[
  {
    "Id": "1015311",
    "ThreadId": "436644",
    "Html": "PHPWord can't embed xlsx files generated with PHPExcel and, while it can embed the xls-output of PHPExcel, when trying to open these excel attachments in the Word document generated by PHPWord, I get an error message (&quot;Convert File&quot; .... &quot;Convert Text from:&quot; ...).\r<br />\n<br />\nIs there any way to solve this problem?<br />\n",
    "PostedDate": "2013-03-14T08:05:20.86-07:00",
    "UserRole": null,
    "MarkedAsAnswerDate": null
  },
  {
    "Id": "1016278",
    "ThreadId": "436644",
    "Html": "Replying to myself. I've figured out what needs to be done to let PHPWord embed xlsx attachments into a Word document (and also PDF, docx, pptx and other formats). I should have the modified code in a few days. Once this is ready, can this be made available for anybody as an updated version of PHPWord?<br />\n",
    "PostedDate": "2013-03-16T02:55:09.05-07:00",
    "UserRole": null,
    "MarkedAsAnswerDate": null
  },
  {
    "Id": "1080511",
    "ThreadId": "436644",
    "Html": "To the person who contacted me via the contact form asking about the above:<br />\n<ol>\n<li>The email sent by codeplex to me has a garbled link (unreadable in Eudora), so I can't reply directly to you.</li>\n<li>\nIn any case you will find the solution to the problem here:<br />\n</li>\n</ol>\n<a href=\"https://phpword.codeplex.com/discussions/437084\" rel=\"nofollow\">https://phpword.codeplex.com/discussions/437084</a><br />\n<br />\nMessage to the codeplex team: please stop sending base64 (UTF-8 ?) emails. These are unreadable in Eudora. This is what you see when you open the emails in Eudora:<br />\n<br />\nContent-Transfer-Encoding: base64&lt;html\u000f\u0018›Ù\u001eCÆ‘UÍ•ÈÕÙÙÕÙØ¡…Ì½¹Ñ…Ñ•å½ÔÑ¡É½Õœh CodePlex using the <em>&lt;garbled link following&gt;</em> .....<br />\n",
    "PostedDate": "2013-08-14T06:13:21.737-07:00",
    "UserRole": null,
    "MarkedAsAnswerDate": null
  }
]