[
  {
    "Id": "685754",
    "ThreadId": "276303",
    "Html": "<p>Hello,</p>\n<p>I think (hope ) that the&nbsp;<a id=\"fileDownload1\" tabindex=\"9\" href=\"http://phpword.codeplex.com/releases/view/49543#DownloadId=138036\">PHPWord_Docs_0.6.2.docx</a>&nbsp;(doc file) was generate by phpword.</p>\n<p>I should be very interresting to have the php file ;-)</p>\n<p>&nbsp;</p>\n<p>Thanks for your work and sorry for my strange english,</p>\n<p>&nbsp;</p>\n<p>Regards,</p>\n<p>Manu</p>",
    "PostedDate": "2011-10-18T06:44:16.14-07:00",
    "UserRole": null,
    "MarkedAsAnswerDate": null
  }
]