[
  {
    "Id": "832216",
    "ThreadId": "354547",
    "Html": "\r\n<p>I'm very interested in being able to use this to generate reports via templates. &nbsp;However, we need to be able to add images, tables, etc to the templates on the fly.</p>\r\n<p>The resultant work effort would be donated to the project for all to enjoy.</p>\r\n<p>Please contact me for&nbsp;additional&nbsp;details.</p>\r\n<p>Mike</p>\r\n",
    "PostedDate": "2012-05-04T07:44:03.337-07:00",
    "UserRole": null,
    "MarkedAsAnswerDate": null
  }
]