[
  {
    "Id": "889650",
    "ThreadId": "387937",
    "Html": "\r\n<p>I did a huge research on docx baking, and this script is the only one quite promising.</p>\r\n<p>yet, everything is satisfactory except header part.&nbsp;</p>\r\n<p>has anyone else deal with this problem: inserting image to top header (on every page) ?</p>\r\n<p>I tried many xml and php tricks but no positive result...</p>\r\n",
    "PostedDate": "2012-07-24T05:38:40.01-07:00",
    "UserRole": null,
    "MarkedAsAnswerDate": null
  },
  {
    "Id": "890897",
    "ThreadId": "387937",
    "Html": "<p>That's how I did:<br />&nbsp;&nbsp;&nbsp; &nbsp;&nbsp;&nbsp; $header = $section-&gt;createHeader();<br />&nbsp;&nbsp;&nbsp; &nbsp;&nbsp;&nbsp; $fontStyleTitle = array('size' =&gt; 11);<br />&nbsp;&nbsp;&nbsp; &nbsp;&nbsp;&nbsp; $paragraphStyleTitle = array('spaceBefore' =&gt; 0);<br />&nbsp;&nbsp;&nbsp; &nbsp;&nbsp;&nbsp; $styleTable = array('borderSize'=&gt;0);<br />&nbsp;&nbsp;&nbsp; &nbsp;&nbsp;&nbsp; $table = $header-&gt;addTable($styleTable);<br />&nbsp;&nbsp;&nbsp; &nbsp;&nbsp;&nbsp; $table-&gt;addRow();<br />&nbsp;&nbsp;&nbsp; &nbsp;&nbsp;&nbsp; $logo = 'absolute/path/to/image.png';<br />&nbsp;&nbsp;&nbsp; &nbsp;&nbsp;&nbsp; $table-&gt;addCell(1000)-&gt;addImage($logo, array('align' =&gt; 'left'));<br />&nbsp;&nbsp;&nbsp; &nbsp;&nbsp;&nbsp; $table-&gt;addCell(1000);<br />&nbsp;&nbsp;&nbsp; &nbsp;&nbsp;&nbsp; $table-&gt;addCell(1000)-&gt;addText('Report number :', $fontStyleTitle, array_merge($paragraphStyleTitle, array('align' =&gt; 'right')));<br />&nbsp;&nbsp;&nbsp; &nbsp;&nbsp;&nbsp; $header-&gt;addText('MY HEADER TITLE', $fontStyleTitle, $paragraphStyleTitle);</p>\r\n<p>So, from a cell, use the method addImage</p>",
    "PostedDate": "2012-07-24T22:37:31.383-07:00",
    "UserRole": null,
    "MarkedAsAnswerDate": null
  },
  {
    "Id": "890937",
    "ThreadId": "387937",
    "Html": "<p>Thanks for your input. But I already tried such combinations, and my problem remains..</p>\r\n<p>After generating the docx file, if i open it with Libre office (which is mainly used at my workplace) the image is Not in the header. If i open it in word 2007 i get error about corrupted file and only after recovery (or smth) word opens it in compatibility mode, although the image is in header.&nbsp;</p>\r\n<p>So, your solution kind of works, but not in Libre office case. I guess i'm stuck at this point with no possible solution, due to crapy free office.</p>",
    "PostedDate": "2012-07-25T00:33:11.29-07:00",
    "UserRole": null,
    "MarkedAsAnswerDate": null
  },
  {
    "Id": "890940",
    "ThreadId": "387937",
    "Html": "<p>what is your code?</p>",
    "PostedDate": "2012-07-25T00:42:25.263-07:00",
    "UserRole": null,
    "MarkedAsAnswerDate": null
  },
  {
    "Id": "890944",
    "ThreadId": "387937",
    "Html": "<p>pretty much the same as you offered.</p>\r\n<p>I even found a newer version of phpword at github:&nbsp;<a href=\"https://github.com/PHPOffice/PHPWord\">https://github.com/PHPOffice/PHPWord</a></p>\r\n<p>there is even an example of picture in a header (which does not work for me):</p>\r\n<p>&nbsp;</p>\r\n<p>\r\n<div style=\"color: black; background-color: white;\">\r\n<pre>&lt;?php\r\n<span style=\"color: blue;\">require_once</span> <span style=\"color: #a31515;\">'../PHPWord.php'</span>;\r\n\r\n<span style=\"color: green;\">// New Word Document</span>\r\n$PHPWord = <span style=\"color: blue;\">new</span> PHPWord();\r\n\r\n<span style=\"color: green;\">// New portrait section</span>\r\n$section = $PHPWord-&gt;createSection();\r\n\r\n<span style=\"color: green;\">// Add header</span>\r\n$header = $section-&gt;createHeader();\r\n$table = $header-&gt;addTable();\r\n$table-&gt;addRow();\r\n$table-&gt;addCell(4500)-&gt;addText(<span style=\"color: #a31515;\">'This is the header.'</span>);\r\n$table-&gt;addCell(4500)-&gt;addImage(<span style=\"color: #a31515;\">'../logo.jpg'</span>, <span style=\"color: blue;\">array</span>(<span style=\"color: #a31515;\">'width'</span>=&gt;50, <span style=\"color: #a31515;\">'height'</span>=&gt;50, <span style=\"color: #a31515;\">'align'</span>=&gt;<span style=\"color: #a31515;\">'right'</span>));\r\n\r\n<span style=\"color: green;\">// Add footer</span>\r\n$footer = $section-&gt;createFooter();\r\n$footer-&gt;addPreserveText(<span style=\"color: #a31515;\">'Page {PAGE} of {NUMPAGES}.'</span>, <span style=\"color: blue;\">array</span>(<span style=\"color: #a31515;\">'align'</span>=&gt;<span style=\"color: #a31515;\">'center'</span>));\r\n\r\n<span style=\"color: green;\">// Write some text</span>\r\n$section-&gt;addTextBreak();\r\n$section-&gt;addText(<span style=\"color: #a31515;\">'Some text...'</span>);\r\n\r\n<span style=\"color: green;\">// Save File</span>\r\n$objWriter = PHPWord_IOFactory::createWriter($PHPWord, <span style=\"color: #a31515;\">'Word2007'</span>);\r\n$objWriter-&gt;save(<span style=\"color: #a31515;\">'HeaderFooter.docx'</span>);\r\n?&gt;\r\n</pre>\r\n</div>\r\n</p>",
    "PostedDate": "2012-07-25T00:51:23.643-07:00",
    "UserRole": null,
    "MarkedAsAnswerDate": null
  },
  {
    "Id": "905730",
    "ThreadId": "387937",
    "Html": "<p>try to input the ABSOLUTE path to the file!</p>\r\n<pre>$table-&gt;addCell(4500)-&gt;addImage(<span style=\"color: #a31515;\">'/path/to/images/logo.jpg'</span>, <span style=\"color: blue;\">array</span>(<span style=\"color: #a31515;\">'width'</span>=&gt;50, <span style=\"color: #a31515;\">'height'</span>=&gt;50, <span style=\"color: #a31515;\">'align'</span>=&gt;<span style=\"color: #a31515;\">'right'</span>));<br /><br /></pre>",
    "PostedDate": "2012-08-29T08:52:51.983-07:00",
    "UserRole": null,
    "MarkedAsAnswerDate": null
  },
  {
    "Id": "906132",
    "ThreadId": "387937",
    "Html": "<p>I tried, but did not work.</p>\r\n<p>I have altered the Base.php, changing the XML code for image processing. and now images work everywhere and on both MS word and libre office.</p>\r\n<p>&nbsp;</p>\r\n<p>Thanks for trying :)</p>\r\n<p>&nbsp;</p>\r\n<p>Although i now have a new problem :D&nbsp;</p>\r\n<p>the &lt;br /&gt; tag gives double lines (margin-bottom:10pt as i looked inside the docx via ms word). i wonder is there a way to start a new line without such a huge space between lines?</p>",
    "PostedDate": "2012-08-29T23:37:14.477-07:00",
    "UserRole": null,
    "MarkedAsAnswerDate": null
  },
  {
    "Id": "940335",
    "ThreadId": "387937",
    "Html": "<p>Could you tell me what have you altered in Base.php ? I have the same problem :)</p>",
    "PostedDate": "2012-11-12T07:56:07.417-08:00",
    "UserRole": null,
    "MarkedAsAnswerDate": null
  },
  {
    "Id": "940947",
    "ThreadId": "387937",
    "Html": "\r\n<p>I altered pretty much, but when talking about images, i used instead of 'pict' other type. i got an example by extracting the docx file and analizing xml (the part image). and i done it right after generating the file and again, after editing it (to look\r\n good) and re-saving it in Libre office. then i saw that different image xml standard was used, which works on both libre and Ms offices.</p>\r\n<p>here is the code:</p>\r\n<p></p>\r\n<div style=\"color:black; background-color:white\">\r\n<pre><span style=\"color:blue\">protected</span> <span style=\"color:blue\">function</span> _writeImage(PHPWord_Shared_XMLWriter $objWriter = null, $image) {\r\n\t\t$rId = $image-&gt;getRelationId();\t\t\r\n\t\t$style = $image-&gt;getStyle();\r\n\t\t$width = $style-&gt;getWidth();\r\n\t\t$height = $style-&gt;getHeight();\r\n\t\t$align = $style-&gt;getAlign();\r\n\t\t$position = $style-&gt;getPosition();\r\n\r\n\t\t$objWriter-&gt;startElement(<span style=\"color:#a31515\">'w:p'</span>);\r\n\t\t\r\n\t\t\t<span style=\"color:blue\">if</span>(!is_null($align)) {\r\n\t\t\t\t$objWriter-&gt;startElement(<span style=\"color:#a31515\">'w:pPr'</span>);\r\n\t\t\t\t\t$objWriter-&gt;startElement(<span style=\"color:#a31515\">'w:jc'</span>);\r\n\t\t\t\t\t\t$objWriter-&gt;writeAttribute(<span style=\"color:#a31515\">'w:val'</span>, $align);\r\n\t\t\t\t\t$objWriter-&gt;endElement();\r\n\t\t\t\t$objWriter-&gt;endElement();\r\n\t\t\t}\r\n\t\t\r\n\t\t\t$objWriter-&gt;startElement(<span style=\"color:#a31515\">'w:r'</span>);\r\n\t\t\t\r\n\t\t\t\r\n\t\t\t\t<span style=\"color:green\">/*$objWriter-&gt;startElement('w:pict');\r\n\t\t\t\t\t\r\n\t\t\t\t\t$objWriter-&gt;startElement('v:shape');\r\n\t\t\t\t\t\t$objWriter-&gt;writeAttribute('type', '#_x0000_t75');\r\n\t\t\t\t\t\t$objWriter-&gt;writeAttribute('style', 'width:'.$width.'px;height:'.$height.'px;position:'.$position);\r\n\t\t\t\t\t\t\r\n\t\t\t\t\t\t$objWriter-&gt;startElement('v:imagedata');\r\n\t\t\t\t\t\t\t$objWriter-&gt;writeAttribute('r:id', 'rId'.$rId);\r\n\t\t\t\t\t\t\t$objWriter-&gt;writeAttribute('o:title', '');\r\n\t\t\t\t\t\t$objWriter-&gt;endElement();\r\n\t\t\t\t\t$objWriter-&gt;endElement();\r\n\t\t\t\t\t\r\n\t\t\t\t$objWriter-&gt;endElement();*/</span>\r\n\t\t\t\t\r\n\t\t\t\r\n\t\t\t\r\n\t\t\t\t$objWriter-&gt;startElement(<span style=\"color:#a31515\">'w:drawing'</span>);\r\n\t\t\t\t\t$objWriter-&gt;startElement(<span style=\"color:#a31515\">'wp:inline'</span>);\r\n\t\t\t\t\t\t$objWriter-&gt;writeAttribute(<span style=\"color:#a31515\">'distT'</span>, 0);\r\n\t\t\t\t\t\t$objWriter-&gt;writeAttribute(<span style=\"color:#a31515\">'distB'</span>, 0);\r\n\t\t\t\t\t\t$objWriter-&gt;writeAttribute(<span style=\"color:#a31515\">'distL'</span>, 0);\r\n\t\t\t\t\t\t$objWriter-&gt;writeAttribute(<span style=\"color:#a31515\">'distR'</span>, 0);\r\n\t\t\t\t\t\t\r\n\t\t\t\t\t\t\r\n\t\t\t\t\t\t\r\n\t\t\t\t\t\t<span style=\"color:green\">// new start //</span>\r\n\t\t\t\t\t\t$objWriter-&gt;startElement(<span style=\"color:#a31515\">'wp:extent'</span>);\r\n\t\t\t\t\t\t\t$objWriter-&gt;writeAttribute(<span style=\"color:#a31515\">'cx'</span>, $width*9525);\r\n\t\t\t\t\t\t\t$objWriter-&gt;writeAttribute(<span style=\"color:#a31515\">'cy'</span>, $height*9525);\r\n\t\t\t\t\t\t$objWriter-&gt;endElement();\r\n\t\t\t\t\t\t\r\n\t\t\t\t\t\t$objWriter-&gt;startElement(<span style=\"color:#a31515\">'wp:effectExtent'</span>);\r\n\t\t\t\t\t\t\t$objWriter-&gt;writeAttribute(<span style=\"color:#a31515\">'l'</span>, 0); <span style=\"color:green\">// 19050 // untested</span>\r\n\t\t\t\t\t\t\t$objWriter-&gt;writeAttribute(<span style=\"color:#a31515\">'t'</span>, 0);\r\n\t\t\t\t\t\t\t$objWriter-&gt;writeAttribute(<span style=\"color:#a31515\">'r'</span>, 0);\r\n\t\t\t\t\t\t\t$objWriter-&gt;writeAttribute(<span style=\"color:#a31515\">'b'</span>, 0);\r\n\t\t\t\t\t\t$objWriter-&gt;endElement();\r\n\t\t\t\t\t\t\r\n\t\t\t\t\t\t$objWriter-&gt;startElement(<span style=\"color:#a31515\">'wp:docPr'</span>);\r\n\t\t\t\t\t\t\t$objWriter-&gt;writeAttribute(<span style=\"color:#a31515\">'id'</span>, $rId);\r\n\t\t\t\t\t\t\t$objWriter-&gt;writeAttribute(<span style=\"color:#a31515\">'name'</span>, <span style=\"color:#a31515\">'Picture '</span>.$rId);\r\n\t\t\t\t\t\t$objWriter-&gt;endElement();\r\n\t\t\t\t\t\t\r\n\t\t\t\t\t\t$objWriter-&gt;startElement(<span style=\"color:#a31515\">'wp:cNvGraphicFramePr'</span>);\r\n\t\t\t\t\t\t\t$objWriter-&gt;startElement(<span style=\"color:#a31515\">'a:graphicFrameLocks'</span>);\r\n\t\t\t\t\t\t\t\t$objWriter-&gt;writeAttribute(<span style=\"color:#a31515\">'xmlns:a'</span>, <span style=\"color:#a31515\">'http://schemas.openxmlformats.org/drawingml/2006/main'</span>);\r\n\t\t\t\t\t\t\t\t$objWriter-&gt;writeAttribute(<span style=\"color:#a31515\">'noChangeAspect'</span>, 1);\r\n\t\t\t\t\t\t\t$objWriter-&gt;endElement();\r\n\t\t\t\t\t\t$objWriter-&gt;endElement();\r\n\t\t\t\t\t\t<span style=\"color:green\">// new end //</span>\r\n\t\t\t\t\t\t\r\n\t\t\t\t\t\t\r\n\t\t\t\t\t\t\r\n\t\t\t\t\t\t\r\n\t\t\t\t\t\t$objWriter-&gt;startElement(<span style=\"color:#a31515\">'a:graphic'</span>);\r\n\t\t\t\t\t\t\t$objWriter-&gt;writeAttribute(<span style=\"color:#a31515\">'xmlns:a'</span>, <span style=\"color:#a31515\">'http://schemas.openxmlformats.org/drawingml/2006/main'</span>);\r\n\t\t\t\t\t\t\t\r\n\t\t\t\t\t\t\t$objWriter-&gt;startElement(<span style=\"color:#a31515\">'a:graphicData'</span>);\r\n\t\t\t\t\t\t\t\t$objWriter-&gt;writeAttribute(<span style=\"color:#a31515\">'uri'</span>, <span style=\"color:#a31515\">'http://schemas.openxmlformats.org/drawingml/2006/picture'</span>);\r\n\t\t\t\t\t\t\t\r\n\t\t\t\t\t\t\t\t$objWriter-&gt;startElement(<span style=\"color:#a31515\">'pic:pic'</span>);\r\n\t\t\t\t\t\t\t\t\t$objWriter-&gt;writeAttribute(<span style=\"color:#a31515\">'xmlns:pic'</span>, <span style=\"color:#a31515\">'http://schemas.openxmlformats.org/drawingml/2006/picture'</span>);\r\n\t\t\t\t\t\t\t\t\t\r\n\t\t\t\t\t\t\t\t\t\r\n\t\t\t\t\t\t\t\t\t<span style=\"color:green\">// new start //</span>\r\n\t\t\t\t\t\t\t\t\t$objWriter-&gt;startElement(<span style=\"color:#a31515\">'pic:nvPicPr'</span>);\t\t\t\t\t\t\t\t\t\r\n\t\t\t\t\t\t\t\t\t\t$objWriter-&gt;startElement(<span style=\"color:#a31515\">'pic:cNvPr'</span>);\r\n\t\t\t\t\t\t\t\t\t\t\t$objWriter-&gt;writeAttribute(<span style=\"color:#a31515\">'id'</span>, $rId); <span style=\"color:green\">// 0  // untested</span>\r\n\t\t\t\t\t\t\t\t\t\t\t$objWriter-&gt;writeAttribute(<span style=\"color:#a31515\">'name'</span>, <span style=\"color:#a31515\">'Picture 1'</span>);\r\n\t\t\t\t\t\t\t\t\t\t$objWriter-&gt;endElement();\t\t\t\t\t\t\t\t\t\t\r\n\t\t\t\t\t\t\t\t\t\t$objWriter-&gt;startElement(<span style=\"color:#a31515\">'pic:cNvPicPr'</span>);\r\n\t\t\t\t\t\t\t\t\t\t\t$objWriter-&gt;startElement(<span style=\"color:#a31515\">'a:picLocks'</span>);\r\n\t\t\t\t\t\t\t\t\t\t\t\t$objWriter-&gt;writeAttribute(<span style=\"color:#a31515\">'noChangeAspect'</span>, 1);\r\n\t\t\t\t\t\t\t\t\t\t\t\t$objWriter-&gt;writeAttribute(<span style=\"color:#a31515\">'noChangeArrowheads'</span>, 1);\r\n\t\t\t\t\t\t\t\t\t\t\t$objWriter-&gt;endElement();\t\t\t\t\t\t\t\t\t\t\t\r\n\t\t\t\t\t\t\t\t\t\t$objWriter-&gt;endElement();\r\n\t\t\t\t\t\t\t\t\t$objWriter-&gt;endElement();\t\r\n\t\t\t\t\t\t\t\t\t<span style=\"color:green\">// new end //\t\t\t\t\t\t\t</span>\r\n\t\t\t\t\t\t\t\t\t\r\n\t\t\t\t\t\t\t\t\t\r\n\t\t\t\t\t\t\t\t\t\r\n\t\t\t\t\t\t\t\t\t$objWriter-&gt;startElement(<span style=\"color:#a31515\">'pic:blipFill'</span>);\r\n\t\t\t\t\t\t\t\t\t\t$objWriter-&gt;startElement(<span style=\"color:#a31515\">'a:blip'</span>);\r\n\t\t\t\t\t\t\t\t\t\t\t$objWriter-&gt;writeAttribute(<span style=\"color:#a31515\">'r:embed'</span>, <span style=\"color:#a31515\">'rId'</span>.$rId);\r\n\t\t\t\t\t\t\t\t\t\t\t\r\n\t\t\t\t\t\t\t\t\t\t\t<span style=\"color:green\">// new start //</span>\r\n\t\t\t\t\t\t\t\t\t\t\t$objWriter-&gt;startElement(<span style=\"color:#a31515\">'a:srcRect'</span>);\r\n\t\t\t\t\t\t\t\t\t\t\t$objWriter-&gt;endElement();\r\n\t\t\t\t\t\t\t\t\t\t\t$objWriter-&gt;startElement(<span style=\"color:#a31515\">'a:stretch'</span>);\r\n\t\t\t\t\t\t\t\t\t\t\t\t$objWriter-&gt;startElement(<span style=\"color:#a31515\">'a:fillRect'</span>);\r\n\t\t\t\t\t\t\t\t\t\t\t\t$objWriter-&gt;endElement();\r\n\t\t\t\t\t\t\t\t\t\t\t$objWriter-&gt;endElement();\t\r\n\t\t\t\t\t\t\t\t\t\t\t<span style=\"color:green\">// new end //</span>\r\n\t\t\t\t\t\t\t\t\t\t\t\t\t\t\t\t\t\t\t\t\t\r\n\t\t\t\t\t\t\t\t\t\t$objWriter-&gt;endElement();\r\n\t\t\t\t\t\t\t\t\t$objWriter-&gt;endElement();\r\n\t\t\t\t\t\t\t\t\t\r\n\t\t\t\t\t\t\t\t\t$objWriter-&gt;startElement(<span style=\"color:#a31515\">'pic:spPr'</span>);\r\n\t\t\t\t\t\t\t\t\t\t$objWriter-&gt;writeAttribute(<span style=\"color:#a31515\">'bwMode'</span>, <span style=\"color:#a31515\">'auto'</span>);\r\n\t\t\t\t\t\t\t\t\t\t\r\n\t\t\t\t\t\t\t\t\t\t$objWriter-&gt;startElement(<span style=\"color:#a31515\">'a:xfrm'</span>);\r\n\t\t\t\t\t\t\t\t\t\t\t$objWriter-&gt;startElement(<span style=\"color:#a31515\">'a:off'</span>);\r\n\t\t\t\t\t\t\t\t\t\t\t\t$objWriter-&gt;writeAttribute(<span style=\"color:#a31515\">'x'</span>, 0);\r\n\t\t\t\t\t\t\t\t\t\t\t\t$objWriter-&gt;writeAttribute(<span style=\"color:#a31515\">'y'</span>, 0);\r\n\t\t\t\t\t\t\t\t\t\t\t$objWriter-&gt;endElement();\r\n\t\t\t\t\t\t\t\t\t\t\t\r\n\t\t\t\t\t\t\t\t\t\t\t$objWriter-&gt;startElement(<span style=\"color:#a31515\">'a:ext'</span>);\r\n\t\t\t\t\t\t\t\t\t\t\t\t$objWriter-&gt;writeAttribute(<span style=\"color:#a31515\">'cx'</span>, $width*9525);\r\n\t\t\t\t\t\t\t\t\t\t\t\t$objWriter-&gt;writeAttribute(<span style=\"color:#a31515\">'cy'</span>, $height*9525);\r\n\t\t\t\t\t\t\t\t\t\t\t$objWriter-&gt;endElement();\t\t\t\t\t\t\t\t\t\t\t\r\n\t\t\t\t\t\t\t\t\t\t$objWriter-&gt;endElement();\r\n\t\t\t\t\t\t\t\t\t\t\r\n\t\t\t\t\t\t\t\t\t\t<span style=\"color:green\">// new start //</span>\r\n\t\t\t\t\t\t\t\t\t\t$objWriter-&gt;startElement(<span style=\"color:#a31515\">'a:prstGeom'</span>);\r\n\t\t\t\t\t\t\t\t\t\t\t$objWriter-&gt;writeAttribute(<span style=\"color:#a31515\">'prst'</span>, <span style=\"color:#a31515\">'rect'</span>);\r\n\t\t\t\t\t\t\t\t\t\t\t$objWriter-&gt;startElement(<span style=\"color:#a31515\">'a:avLst'</span>);\r\n\t\t\t\t\t\t\t\t\t\t\t$objWriter-&gt;endElement();\r\n\t\t\t\t\t\t\t\t\t\t$objWriter-&gt;endElement();\r\n\t\t\t\t\t\t\t\t\t\t\r\n\t\t\t\t\t\t\t\t\t\t$objWriter-&gt;startElement(<span style=\"color:#a31515\">'a:noFill'</span>);\r\n\t\t\t\t\t\t\t\t\t\t$objWriter-&gt;endElement();\t\r\n\t\t\t\t\t\t\t\t\t\t\t\t\t\t\t\t\t\t\t\r\n\t\t\t\t\t\t\t\t\t\t$objWriter-&gt;startElement(<span style=\"color:#a31515\">'a:ln'</span>);\r\n\t\t\t\t\t\t\t\t\t\t\t$objWriter-&gt;writeAttribute(<span style=\"color:#a31515\">'w'</span>, 9525);\r\n\t\t\t\t\t\t\t\t\t\t\t$objWriter-&gt;startElement(<span style=\"color:#a31515\">'a:noFill'</span>);\r\n\t\t\t\t\t\t\t\t\t\t\t$objWriter-&gt;endElement();\r\n\t\t\t\t\t\t\t\t\t\t\t$objWriter-&gt;startElement(<span style=\"color:#a31515\">'a:miter'</span>);\r\n\t\t\t\t\t\t\t\t\t\t\t\t$objWriter-&gt;writeAttribute(<span style=\"color:#a31515\">'lim'</span>, 800000);\r\n\t\t\t\t\t\t\t\t\t\t\t$objWriter-&gt;endElement();\r\n\t\t\t\t\t\t\t\t\t\t\t$objWriter-&gt;startElement(<span style=\"color:#a31515\">'a:headEnd'</span>);\r\n\t\t\t\t\t\t\t\t\t\t\t$objWriter-&gt;endElement();\r\n\t\t\t\t\t\t\t\t\t\t\t$objWriter-&gt;startElement(<span style=\"color:#a31515\">'a:tailEnd'</span>);\r\n\t\t\t\t\t\t\t\t\t\t\t$objWriter-&gt;endElement();\r\n\t\t\t\t\t\t\t\t\t\t$objWriter-&gt;endElement();\t\t\t\t\t\t\t\t\t\t\r\n\t\t\t\t\t\t\t\t\t\t<span style=\"color:green\">// new end //</span>\r\n\t\t\t\t\t\t\t\t\t\t\r\n\t\t\t\t\t\t\t\t\t\t\r\n\t\t\t\t\t\t\t\t\t\t\r\n\t\t\t\t\t\t\t\t\t$objWriter-&gt;endElement();\r\n\t\t\t\t\t\t\t\t$objWriter-&gt;endElement();\r\n\t\t\t\t\t\t\t$objWriter-&gt;endElement();\r\n\t\t\t\t\t\t\t\r\n\t\t\t\t\t\t$objWriter-&gt;endElement();\r\n\t\t\t\t\t\t\r\n\t\t\t\t\t$objWriter-&gt;endElement();\r\n\t\t\t\t$objWriter-&gt;endElement();\r\n\t\t\t\r\n\t\t\t$objWriter-&gt;endElement();\r\n\t\t\t\r\n\t\t$objWriter-&gt;endElement();\r\n\t}\r\n</pre>\r\n</div>\r\n<p></p>\r\n",
    "PostedDate": "2012-11-13T06:00:04.71-08:00",
    "UserRole": null,
    "MarkedAsAnswerDate": null
  }
]