[
  {
    "Id": "1247837",
    "ThreadId": "546089",
    "Html": "Great work, first of all.\r<br />\nExcuse me, but where is the full documentation? Method and parameter list?\r<br />\nIn the download package there are only examples...\r<br />\n<br />\nThx\r<br />\n<br />\nBest\r<br />\nC.<br />\n",
    "PostedDate": "2014-05-21T03:27:18.433-07:00",
    "UserRole": null,
    "MarkedAsAnswerDate": null
  },
  {
    "Id": "1247960",
    "ThreadId": "546089",
    "Html": "Continued development and documentation is on github <a href=\"https://github.com/PHPOffice/PHPWord\" rel=\"nofollow\">https://github.com/PHPOffice/PHPWord</a><br />\n",
    "PostedDate": "2014-05-21T07:12:11.007-07:00",
    "UserRole": null,
    "MarkedAsAnswerDate": null
  }
]