[
  {
    "Id": "622815",
    "ThreadId": "260166",
    "Html": "\r\n<p>I am having trouble controlling the space between lines of text.&nbsp; I know there were a couple earlier discussions about a bug related to paragraph style with text within table cells, but I am not drawing a table.&nbsp; My code is below:</p>\r\n<p>&nbsp;</p>\r\n<div style=\"color:black; background-color:white\">\r\n<pre>\t\t$word = <span style=\"color:blue\">new</span> PHPWord();\r\n\t\t$properties = $word-&gt;getProperties();\r\n\t\t\r\n\t\t$properties = $word-&gt;getProperties();\r\n\t\t$properties-&gt;setCreator(auth()-&gt;getRecord()-&gt;getTitle()); \r\n\t\t$properties-&gt;setCompany(<span style=\"color:#a31515\">'Testing Company'</span>);\r\n\t\t$properties-&gt;setTitle(<span style=\"color:#a31515\">''</span>);\r\n\t\t$properties-&gt;setDescription(<span style=\"color:#a31515\">''</span>); \r\n\t\t$properties-&gt;setCategory(<span style=\"color:#a31515\">''</span>);\r\n\t\t$properties-&gt;setLastModifiedBy(auth()-&gt;getRecord()-&gt;getTitle());\r\n\t\t$properties-&gt;setCreated( time() );\r\n\t\t$properties-&gt;setModified( time() );\r\n\t\t\r\n\t\t$word-&gt;setDefaultFontName(<span style=\"color:#a31515\">'Georgia'</span>);\r\n\t\t$word-&gt;setDefaultFontSize(<span style=\"color:#a31515\">'12'</span>);\r\n\t\t\r\n\t\t<span style=\"color:green\">// 'normal' font and paragraph styles</span>\r\n\t\t$word-&gt;addFontStyle(<span style=\"color:#a31515\">'normal'</span>, <span style=\"color:blue\">array</span>(<span style=\"color:#a31515\">'color'</span> =&gt; <span style=\"color:#a31515\">'#000000'</span>, <span style=\"color:#a31515\">'name'</span> =&gt; <span style=\"color:#a31515\">'Georgia'</span>, <span style=\"color:#a31515\">'size'</span> =&gt; 12, <span style=\"color:#a31515\">'bold'</span> =&gt; false));\r\n\t\t$word-&gt;addParagraphStyle(<span style=\"color:#a31515\">'normal'</span>, <span style=\"color:blue\">array</span>(<span style=\"color:#a31515\">'align'</span> =&gt; <span style=\"color:#a31515\">'left'</span>, <span style=\"color:#a31515\">'spaceBefore'</span> =&gt; 0, <span style=\"color:#a31515\">'spaceAfter'</span> =&gt; 0, <span style=\"color:#a31515\">'spacing'</span> =&gt; 0));\r\n\t\t\r\n\t\t<span style=\"color:green\">// 'big heading' font and paragraph styles</span>\r\n\t\t$word-&gt;addFontStyle(<span style=\"color:#a31515\">'bigHeading'</span>, <span style=\"color:blue\">array</span>(<span style=\"color:#a31515\">'color'</span> =&gt; <span style=\"color:#a31515\">'#000000'</span>, <span style=\"color:#a31515\">'name'</span> =&gt; <span style=\"color:#a31515\">'Georgia'</span>,  <span style=\"color:#a31515\">'size'</span> =&gt; 16, <span style=\"color:#a31515\">'bold'</span> =&gt; true));\r\n\t\t$word-&gt;addParagraphStyle(<span style=\"color:#a31515\">'bigHeading'</span>, <span style=\"color:blue\">array</span>(<span style=\"color:#a31515\">'align'</span> =&gt; <span style=\"color:#a31515\">'center'</span>, <span style=\"color:#a31515\">'spaceBefore'</span> =&gt; 0, <span style=\"color:#a31515\">'spaceAfter'</span> =&gt; 0, <span style=\"color:#a31515\">'spacing'</span> =&gt; 0));\r\n\r\n\t\t<span style=\"color:green\">// heading</span>\r\n\t\t$s = $word-&gt;createSection();\r\n\t\t$s-&gt;addText(<span style=\"color:#a31515\">&quot;Executive Summary for Elmer Fudd&quot;</span>, <span style=\"color:#a31515\">'bigHeading'</span>, <span style=\"color:#a31515\">'bigHeading'</span>);\r\n\t\t$s-&gt;addText(<span style=\"color:#a31515\">&quot;Name: Elmer Fudd&quot;</span>, <span style=\"color:#a31515\">'normal'</span>, <span style=\"color:#a31515\">'normal'</span>);\r\n\t\t$s-&gt;addText(<span style=\"color:#a31515\">&quot;Age: 49&quot;</span>, <span style=\"color:#a31515\">'normal'</span>, <span style=\"color:#a31515\">'normal'</span>);\r\n\t\t$s-&gt;addText(<span style=\"color:#a31515\">&quot;Date of Admission: 4/9/11</span>, <span style=\"color:#a31515\">'normal'</span>, <span style=\"color:#a31515\">'normal'</span>);\r\n\t\t$s-&gt;addText(<span style=\"color:#a31515\">&quot;Date of Evaluation: 5/1/11&quot;,</span> <span style=\"color:#a31515\">'normal'</span>, <span style=\"color:#a31515\">'normal'</span>);\r\n<br></pre>\r\n</div>\r\n<p>&nbsp;</p>\r\n<p>This is resulting in a document with 10pt spacing after each line, as seen here:&nbsp;&nbsp;</p>\r\n<p><a href=\"http://img28.imageshack.us/img28/9774/screenshotzuf.png\">http://img28.imageshack.us/img28/9774/screenshotzuf.png</a></p>\r\n<p>&nbsp;</p>\r\n<p>This is with Word in Office Professional 2010 Plus.&nbsp; Any help would be greatly appreciated.&nbsp;&nbsp;</p>\r\n<p>&nbsp;</p>\r\n<p>Thanks!</p>\r\n",
    "PostedDate": "2011-06-03T15:33:33.643-07:00",
    "UserRole": null,
    "MarkedAsAnswerDate": null
  },
  {
    "Id": "622816",
    "ThreadId": "260166",
    "Html": "<p>Okay, after messing with it a bit, it appears that font and paragraph style names cannot collide.&nbsp; So, I'm now doing:</p>\r\n<p>&nbsp;</p>\r\n<pre><span style=\"color: green;\">// 'normal' font and paragraph styles</span>\r\n$word-&gt;addFontStyle(<span style=\"color: #a31515;\">'fNormal'</span>, <span style=\"color: blue;\">array</span>(<span style=\"color: #a31515;\">'color'</span> =&gt; <span style=\"color: #a31515;\">'#000000'</span>, <span style=\"color: #a31515;\">'name'</span> =&gt; <span style=\"color: #a31515;\">'Georgia'</span>, <span style=\"color: #a31515;\">'size'</span> =&gt; 12, <span style=\"color: #a31515;\">'bold'</span> =&gt; false));\r\n$word-&gt;addParagraphStyle(<span style=\"color: #a31515;\">'pNormal'</span>, <span style=\"color: blue;\">array</span>(<span style=\"color: #a31515;\">'align'</span> =&gt; <span style=\"color: #a31515;\">'left'</span>, <span style=\"color: #a31515;\">'spaceBefore'</span> =&gt; 0, <span style=\"color: #a31515;\">'spaceAfter'</span> =&gt; 0, <span style=\"color: #a31515;\">'spacing'</span> =&gt; 0));\r\n\t\r\n<span style=\"color: green;\">// 'big heading' font and paragraph styles</span>\r\n$word-&gt;addFontStyle(<span style=\"color: #a31515;\">'fBigHeading'</span>, <span style=\"color: blue;\">array</span>(<span style=\"color: #a31515;\">'color'</span> =&gt; <span style=\"color: #a31515;\">'#000000'</span>, <span style=\"color: #a31515;\">'name'</span> =&gt; <span style=\"color: #a31515;\">'Georgia'</span>,  <span style=\"color: #a31515;\">'size'</span> =&gt; 16, <span style=\"color: #a31515;\">'bold'</span> =&gt; true));\r\n$word-&gt;addParagraphStyle(<span style=\"color: #a31515;\">'pBigHeading'</span>, <span style=\"color: blue;\">array</span>(<span style=\"color: #a31515;\">'align'</span> =&gt; <span style=\"color: #a31515;\">'center'</span>, <span style=\"color: #a31515;\">'spaceBefore'</span> =&gt; 0, <span style=\"color: #a31515;\">'spaceAfter'</span> =&gt; 0, <span style=\"color: #a31515;\">'spacing'</span> =&gt; 0));<br /><br /><br />And that works.</pre>",
    "PostedDate": "2011-06-03T15:40:00.053-07:00",
    "UserRole": null,
    "MarkedAsAnswerDate": null
  }
]