[
  {
    "Id": "528193",
    "ThreadId": "236364",
    "Html": "\r\n<p>Hello:</p>\r\n<p>I had a problem because I want to use colspan and rowspan &nbsp;in my tables but when I read the documentation, and the discussions, I found that is not supported and for &nbsp;that I did some changes for use these...</p>\r\n<p>&nbsp;</p>\r\n<p>First I modified the file phpword/Style/Cell.php and &nbsp;I added the attributes these attributes</p>\r\n<p><span><span></span></span></p>\r\n<div style=\"color:black; background-color:white\">\r\n<pre><span style=\"color:blue\">private</span> $_gridSpan;<span style=\"color:green\">// for the colspan</span>\r\n\r\n<span style=\"color:blue\">private</span> $_vMerge;<span style=\"color:green\">// for the rowspan</span>\r\n</pre>\r\n<pre><span style=\"color:green\"><br></span></pre>\r\n</div>\r\n<p>&nbsp;</p>\r\n<p>and these methods</p>\r\n<p>&nbsp;</p>\r\n<p><span></span></p>\r\n<div style=\"color:black; background-color:white\">\r\n<pre><span style=\"color:blue\">public</span> <span style=\"color:blue\">function</span> setGridSpan($pValue = null) \r\n{ \r\n   $this-&gt;_gridSpan = $pValue; \r\n} \r\n<span style=\"color:blue\">public</span> <span style=\"color:blue\">function</span> getGridSpan() \r\n{ \r\n   <span style=\"color:blue\">return</span> $this-&gt;_gridSpan; \r\n}\r\n<span style=\"color:blue\">public</span> <span style=\"color:blue\">function</span> setVMerge($pValue = null) \r\n{ \r\n   $this-&gt;_vMerge = $pValue; \r\n} \r\n<span style=\"color:blue\">public</span> <span style=\"color:blue\">function</span> getVMerge() \r\n{ \r\n   <span style=\"color:blue\">return</span> $this-&gt;_vMerge; \r\n}\r\n</pre>\r\n</div>\r\n<p></p>\r\n<p>&nbsp;</p>\r\n<p>and in the contructor I added at the end</p>\r\n<p>&nbsp;</p>\r\n<div style=\"color:black; background-color:white\">\r\n<pre>$this-&gt;_gridSpan=null;\r\n\r\n$this-&gt;_vMerge=null;\r\n\r\n</pre>\r\n</div>\r\n<p>And in the file phpWord/Writer/Base.php in the method _writeCellStyle I added this</p>\r\n<p>&nbsp;</p>\r\n<p></p>\r\n<div style=\"color:black; background-color:white\">\r\n<pre>$gridSpan = $style-&gt;getGridSpan();\r\n<span style=\"color:blue\">if</span>(!is_null($gridSpan)) \r\n{ \r\n    $objWriter-&gt;startElement(<span style=\"color:#a31515\">'w:gridSpan'</span>); \r\n    $objWriter-&gt;writeAttribute(<span style=\"color:#a31515\">'w:val'</span>, $gridSpan); \r\n    $objWriter-&gt;endElement(); \r\n}\r\n\r\n$vMerge = $style-&gt;getVMerge(); \r\n<span style=\"color:blue\">if</span>(!is_null($vMerge)) \r\n{ \r\n    $objWriter-&gt;startElement(<span style=\"color:#a31515\">'w:vMerge'</span>); \r\n    $objWriter-&gt;writeAttribute(<span style=\"color:#a31515\">'w:val'</span>, $vMerge); \r\n    $objWriter-&gt;endElement(); \r\n}\r\n</pre>\r\n</div>\r\n<p></p>\r\n<p>(I don't add these lines of code in the way that was implement because this way is more clear to show the changes)<br>\r\nOk... how's this work.<br>\r\nThe code the colspan works is symple:</p>\r\n<p>&nbsp;</p>\r\n<div style=\"color:black; background-color:white\">\r\n<pre>$styleCell=<span style=\"color:blue\">array</span>(<span style=\"color:#a31515\">'gridSpan'</span> =&gt; 2);\r\n\r\n$table-&gt;addCell(100,$styleCell)-&gt;addText(<span style=\"color:#a31515\">'Colspan'</span>);\r\n</pre>\r\n</div>\r\n<p>&nbsp;</p>\r\n<p>And with that you have a cell that combine two,&nbsp;<br>\r\nThe rowspan is more complicated, and until now i don't found yet a better solution</p>\r\n<p>You have to do it this way:</p>\r\n<p>&nbsp;</p>\r\n<div style=\"color:black; background-color:white\">\r\n<pre>$table-&gt;addCell(100,<span style=\"color:blue\">array</span>(<span style=\"color:#a31515\">'vMerge'</span> =&gt; <span style=\"color:#a31515\">'restart'</span>))-&gt;addText(<span style=\"color:#a31515\">'1'</span>);\r\n\r\n$table-&gt;addCell(100)-&gt;addText(<span style=\"color:#a31515\">'2'</span>);\r\n\r\n$table-&gt;addRow();\r\n\r\n$table-&gt;addCell(100,<span style=\"color:blue\">array</span>(<span style=\"color:#a31515\">'vMerge'</span> =&gt; <span style=\"color:#a31515\">'fusion'</span>));\r\n\r\n$table-&gt;addCell(100)-&gt;addText(<span style=\"color:#a31515\">'3'</span>);\r\n</pre>\r\n</div>\r\n<p>&nbsp;</p>\r\n<p>This will get something like this:</p>\r\n<table>\r\n<tbody>\r\n<tr>\r\n<td rowspan=\"2\">Rowspan</td>\r\n<td>2</td>\r\n</tr>\r\n<tr>\r\n<td>3</td>\r\n</tr>\r\n</tbody>\r\n</table>\r\n<p>the first cell must have the option restart and all the other must have the option fusion</p>\r\n<p>&nbsp;</p>\r\n<p>I hope your comments...</p>\r\n<p>&nbsp;</p>\r\n<p>Greetings... (Sorry for my english)</p>\r\n<p>&nbsp;</p>\r\n<p>&nbsp;</p>\r\n<p>&nbsp;</p>\r\n<p>&nbsp;</p>\r\n<p>&nbsp;</p>\r\n<p>&nbsp;</p>\r\n<p>&nbsp;</p>\r\n<p>&nbsp;</p>\r\n",
    "PostedDate": "2010-11-29T05:04:23.273-08:00",
    "UserRole": null,
    "MarkedAsAnswerDate": null
  },
  {
    "Id": "528795",
    "ThreadId": "236364",
    "Html": "\r\n<p>Oh, thank you! This is very useful and appreciated. I will test it in the next few weeks and report back.</p>\r\n<p>Since you have modified the code in a complex way, I want to ask you a question. Do you know how to modify the addImage() function so that it does not make a trailing line break? A new function like addImageNoLineBreak() ?</p>\r\n",
    "PostedDate": "2010-11-30T06:49:08.903-08:00",
    "UserRole": null,
    "MarkedAsAnswerDate": null
  },
  {
    "Id": "532330",
    "ThreadId": "236364",
    "Html": "\r\n<p>I did test the colSpan function and it worked very well. Thank you for this addition!</p>\r\n",
    "PostedDate": "2010-12-07T08:04:43.527-08:00",
    "UserRole": null,
    "MarkedAsAnswerDate": null
  },
  {
    "Id": "670113",
    "ThreadId": "236364",
    "Html": "<p>This is what i did, and it does not work. Please assist.</p>\r\n<p>1. /Style/Cell.php added in red at the location r77-79</p>\r\n<p>\"</p>\r\n<p><span style=\"color: #008000;\">&nbsp;&nbsp;&nbsp;&nbsp; * cspan rspan addon</span><br /><span style=\"color: #008000;\">&nbsp;&nbsp;&nbsp; &nbsp;* </span><br /><span style=\"color: #008000;\">&nbsp;&nbsp;&nbsp; &nbsp;* </span><br /><span style=\"color: #008000;\">&nbsp;&nbsp;&nbsp; &nbsp;*/</span><br /><span style=\"color: #ff0000;\">&nbsp;&nbsp;&nbsp; private $_gridSpan;// for the colspan</span><br /><br /><span style=\"color: #ff0000;\">&nbsp;&nbsp;&nbsp; private $_vMerge;// for the rowspan</span><br /><br /><span style=\"color: #008000;\">&nbsp;&nbsp;&nbsp; /**</span><br /><span style=\"color: #008000;\">&nbsp;&nbsp;&nbsp; &nbsp;* Create a new Table Cell</span></p>\r\n<p>&nbsp;</p>\r\n<p><span style=\"color: #008000;\"><span style=\"color: #000000;\">2. In _construct added at r93-94 in red<br /></span></span></p>\r\n<p>&nbsp;</p>\r\n<p><span style=\"color: #008000;\">\"&nbsp;&nbsp;&nbsp; public function __construct($insideOf, $pCount, $width = null, $style = null) {</span><br /><span style=\"color: #008000;\">&nbsp;&nbsp;&nbsp; &nbsp;&nbsp;&nbsp; $this-&gt;_insideOf = $insideOf;</span><br /><span style=\"color: #008000;\">&nbsp;&nbsp;&nbsp; &nbsp;&nbsp;&nbsp; $this-&gt;_pCount = $pCount;</span><br /><span style=\"color: #008000;\">&nbsp;&nbsp;&nbsp; &nbsp;&nbsp;&nbsp; $this-&gt;_width = $width;</span><br /><span style=\"color: #ff0000;\">&nbsp;&nbsp;&nbsp; &nbsp;&nbsp;&nbsp; $this-&gt;_gridSpan=null;</span><br /><span style=\"color: #ff0000;\">&nbsp;&nbsp;&nbsp; &nbsp;&nbsp;&nbsp; $this-&gt;_vMerge=null;\"</span></p>\r\n<p>3. and at the bottom of the page added r328-343</p>\r\n<p>\"&nbsp;&nbsp;&nbsp;<span style=\"color: #ff0000;\"> public function setGridSpan($pValue = null) </span><br /><span style=\"color: #ff0000;\">{ </span><br /><span style=\"color: #ff0000;\">&nbsp;&nbsp; $this-&gt;_gridSpan = $pValue; </span><br /><span style=\"color: #ff0000;\">} </span><br /><span style=\"color: #ff0000;\">public function getGridSpan() </span><br /><span style=\"color: #ff0000;\">{ </span><br /><span style=\"color: #ff0000;\">&nbsp;&nbsp; return $this-&gt;_gridSpan; </span><br /><span style=\"color: #ff0000;\">}</span><br /><span style=\"color: #ff0000;\">public function setVMerge($pValue = null) </span><br /><span style=\"color: #ff0000;\">{ </span><br /><span style=\"color: #ff0000;\">&nbsp;&nbsp; $this-&gt;_vMerge = $pValue; </span><br /><span style=\"color: #ff0000;\">} </span><br /><span style=\"color: #ff0000;\">public function getVMerge() </span><br /><span style=\"color: #ff0000;\">{ </span><br /><span style=\"color: #ff0000;\">&nbsp;&nbsp; return $this-&gt;_vMerge; </span><br /><span style=\"color: #ff0000;\">}</span></p>\r\n<p><span style=\"color: #008080;\">}</span></p>\r\n<p><span style=\"color: #ff0000;\"><span style=\"color: #000000;\">4. In \\Writer\\Word2007\\Base.php added inside the \"</span></span><span style=\"color: #008000;\">if($styles) {\" <span style=\"color: #000000;\">section </span><br /></span></p>\r\n<p>&nbsp;</p>\r\n<p><span style=\"color: #ff0000;\"><span style=\"color: #000000;\">\"</span></span>&nbsp;&nbsp;&nbsp; &nbsp;&nbsp;&nbsp; <span style=\"color: #008000;\">if($styles) {</span><br /><br /><span style=\"color: #ff0000;\">$gridSpan = $style-&gt;getGridSpan();</span><br /><span style=\"color: #ff0000;\">if(!is_null($gridSpan)) </span><br /><span style=\"color: #ff0000;\">{ </span><br /><span style=\"color: #ff0000;\">&nbsp;&nbsp;&nbsp; $objWriter-&gt;startElement('w:gridSpan'); </span><br /><span style=\"color: #ff0000;\">&nbsp;&nbsp;&nbsp; $objWriter-&gt;writeAttribute('w:val', $gridSpan); </span><br /><span style=\"color: #ff0000;\">&nbsp;&nbsp;&nbsp; $objWriter-&gt;endElement(); </span><br /><span style=\"color: #ff0000;\">}</span><br /><br /><span style=\"color: #ff0000;\">$vMerge = $style-&gt;getVMerge(); </span><br /><span style=\"color: #ff0000;\">if(!is_null($vMerge)) </span><br /><span style=\"color: #ff0000;\">{ </span><br /><span style=\"color: #ff0000;\">&nbsp;&nbsp;&nbsp; $objWriter-&gt;startElement('w:vMerge'); </span><br /><span style=\"color: #ff0000;\">&nbsp;&nbsp;&nbsp; $objWriter-&gt;writeAttribute('w:val', $vMerge); </span><br /><span style=\"color: #ff0000;\">&nbsp;&nbsp;&nbsp; $objWriter-&gt;endElement();\"</span></p>\r\n<p>&nbsp;</p>\r\n<p>Very please assist - I need this to work.</p>",
    "PostedDate": "2011-09-10T10:29:24.743-07:00",
    "UserRole": null,
    "MarkedAsAnswerDate": null
  },
  {
    "Id": "677081",
    "ThreadId": "236364",
    "Html": "<p><span id=\"result_box\" lang=\"en\"><span class=\"hps\">these changes</span> <span class=\"hps\">does not work</span> <span class=\"hps\">in version</span> <span class=\"hps\">0.6.2-1</span> <span class=\"hps\">PHPWord</span> <span class=\"hps\">Beta</span> <span class=\"hps\">... Any</span> <span class=\"hps\">solution</span><span>?</span></span></p>\r\n<p>Thanks. Regards.</p>\r\n<p><span lang=\"en\"><span><br /></span></span></p>",
    "PostedDate": "2011-09-27T03:23:04.657-07:00",
    "UserRole": null,
    "MarkedAsAnswerDate": null
  },
  {
    "Id": "681612",
    "ThreadId": "236364",
    "Html": "<p>try adding :&nbsp;\r\n<div style=\"color: black; background-color: white;\">\r\n<pre><span style=\"color: #0000ff;\">|| !is_null($gridSpan)</span>\r\n</pre>\r\n</div>\r\nto line 518 of &nbsp;\\Writer\\Word2007\\Base.php, where it is checking if styles have been defined.</p>\r\n<p><span> </span>\r\n<div style=\"color: black; background-color: white;\">\r\n<pre>$styles = ( !is_null($bgColor) || !is_null($valign) || !is_null($textDir) || $borders <span style=\"color: #0000ff;\"><strong>|| !is_null($gridSpan)</strong></span> ) ? true : false;\r\n</pre>\r\n</div>\r\n</p>",
    "PostedDate": "2011-10-08T07:14:20.797-07:00",
    "UserRole": null,
    "MarkedAsAnswerDate": null
  },
  {
    "Id": "717261",
    "ThreadId": "236364",
    "Html": "<p>Funciona perfecto, GRACIAS :)</p>",
    "PostedDate": "2011-12-26T13:22:43.297-08:00",
    "UserRole": null,
    "MarkedAsAnswerDate": null
  },
  {
    "Id": "847369",
    "ThreadId": "236364",
    "Html": "<p>Works very well. Should be integrated into PHPWord's next relase, because it's very useful. Thanks to the original author.</p>",
    "PostedDate": "2012-06-11T03:16:29.36-07:00",
    "UserRole": null,
    "MarkedAsAnswerDate": null
  },
  {
    "Id": "853116",
    "ThreadId": "236364",
    "Html": "\r\n<p>To let the rowspanning work you have to add vMerge also to the $styles on line 518 of \\Writer\\Word2007\\Base.php, where it is checking if styles have been defined.</p>\r\n<pre><br>\n$styles = ( !is_null($bgColor) || !is_null($valign) || !is_null($textDir) || $borders || !is_null($gridSpan) || !is_null($vMerge) ) ? true : false;\n\n</pre>\r\n<p>Where is the new update form this great contribution???</p>\r\n",
    "PostedDate": "2012-06-25T01:12:17.61-07:00",
    "UserRole": null,
    "MarkedAsAnswerDate": null
  },
  {
    "Id": "897894",
    "ThreadId": "236364",
    "Html": "<p><span style=\"font-size: small;\">Rowspan 2</span></p>\r\n<p><span style=\"font-size: small;\">&nbsp; &nbsp; &nbsp; &nbsp; &nbsp; &nbsp; &nbsp; &nbsp; &nbsp;3</span></p>\r\n<p><span style=\"font-size: small;\">is not what we want, if the method just gives us this ,that means it does not succeed! Even without the method ,we can also get this.</span></p>",
    "PostedDate": "2012-08-09T23:14:55.03-07:00",
    "UserRole": null,
    "MarkedAsAnswerDate": null
  },
  {
    "Id": "1060278",
    "ThreadId": "236364",
    "Html": "The colspan worked perfectly.. But the rowspan is not working to me..\r<br />\nWhat is the problem ? The file generated can be found <a href=\"http://fredericoestrela.com.br/report.docx\" rel=\"nofollow\">here</a><br />\n",
    "PostedDate": "2013-06-24T01:30:47.153-07:00",
    "UserRole": null,
    "MarkedAsAnswerDate": null
  },
  {
    "Id": "1066564",
    "ThreadId": "236364",
    "Html": "does it still work ? i edited this two files like u said in the post but i am not able to get it to work... may anyone can send me his edited cell.php and base.php ?<br />\n<br />\nin my do_word.php i tryed this.<br />\n<pre><code>$styleCell = array('gridSpan' =&gt; 2);\n\n\n$table = $section-&gt;addTable();\n$table-&gt;addRow();\n$table-&gt;addCell(1500, $styleCell)-&gt;addText('Test Colspan');\n$table-&gt;addRow();\n$table-&gt;addCell(750)-&gt;addText('Test');\n$table-&gt;addCell(750)-&gt;addText('Test');</code></pre>\n\nbut nothing happends...<br />\nin the second row there are 2 cells<br />\n",
    "PostedDate": "2013-07-10T06:30:42.11-07:00",
    "UserRole": null,
    "MarkedAsAnswerDate": null
  },
  {
    "Id": "1066627",
    "ThreadId": "236364",
    "Html": "Colspan works great but i couldnT figure out how to make rowspan work<br />\n",
    "PostedDate": "2013-07-10T08:05:49.983-07:00",
    "UserRole": null,
    "MarkedAsAnswerDate": null
  },
  {
    "Id": "1067462",
    "ThreadId": "236364",
    "Html": "Finally i figured out to use rowspan and code i used is below for who can't use it.\t<br />\n<pre><code>   // Define table style arrays\n$styleTable = array('cellMarginLeft'=&gt;110, 'cellMarginRight'=&gt;110, 'borderSize'=&gt;1);\n$styleCellMerged = array('valign'=&gt;'center', 'gridSpan' =&gt; 2);\n$styleCellBTLR1 = array('vMerge' =&gt; 'restart', 'valign'=&gt;'center', 'textDirection'=&gt;PHPWord_Style_Cell::TEXT_DIR_BTLR);\n$styleCellBTLR2 = array('vMerge' =&gt; 'fusion', 'valign'=&gt;'center', 'textDirection'=&gt;PHPWord_Style_Cell::TEXT_DIR_BTLR);\n\n// Add table style\n$PHPWord-&gt;addTableStyle('tbl13', $styleTable);\n// Add table\n$table13 = $section-&gt;addTable('tbl13');\n// Add rows\n$PHPWord-&gt;addFontStyle('rStyle14', array('size'=&gt;10));  \n$PHPWord-&gt;addFontStyle('rStyle14Bold', array('bold'=&gt;true, 'size'=&gt;10));\n$PHPWord-&gt;addFontStyle('rStyle14Italic', array('italic'=&gt;true, 'size'=&gt;8));\n$PHPWord-&gt;addParagraphStyle('pStyle24', array('align'=&gt;'left', 'spaceAfter'=&gt;0));\n$PHPWord-&gt;addParagraphStyle('pStyle24Header', array('align'=&gt;'center', 'spaceAfter'=&gt;0));\n$PHPWord-&gt;addParagraphStyle('pStyle24Merged', array('align'=&gt;'center', 'spaceAfter'=&gt;0));\n\n$table13-&gt;addRow(396);  \n$table13-&gt;addCell(9810, $styleCellMerged)-&gt;addText('DENETİM SONUCUNA İLİŞKİN DENETİM EKİBİNİN TAVSİYE KARARI', 'rStyle14', 'pStyle24Merged');\n\n$table13-&gt;addRow(396);  \n$table13-&gt;addCell(2800, $styleCellBTLR1)-&gt;addText('İLK{brbr}BEGELENDİRME', 'rStyle14', 'pStyle24Header');\n$table13-&gt;addCell(7010, $styleCell)-&gt;addText('${box} Sertifika verilmesi', 'rStyle14', 'pStyle24');\n\n$table13-&gt;addRow(396);  \n$table13-&gt;addCell(2800, $styleCellBTLR2);\n$table13-&gt;addCell(7010, $styleCell)-&gt;addText('Uygunsuzlukların doküman bazında takibi yapılarak, eksiklerin tamamlanması halinde sertifika verilmesi', 'rStyle14', 'pStyle24');\n\n$table13-&gt;addRow(396);  \n$table13-&gt;addCell(2800, $styleCellBTLR2);\n$table13-&gt;addCell(7010, $styleCell)-&gt;addText('Uygunsuzlukların takibinin yerinde denetimle yapılması ve eksiklerin tamamlanması halinde sertifika verilmesi', 'rStyle14', 'pStyle24');\n\n$table13-&gt;addRow(396);  \n$table13-&gt;addCell(2800, $styleCellBTLR2);\n$table13-&gt;addCell(7010, $styleCell)-&gt;addText('Sertifika verilmemesi', 'rStyle14', 'pStyle24');\n\n$table13-&gt;addRow(396);  \n$table13-&gt;addCell(2800, $styleCellBTLR1)-&gt;addText('GÖZETİM', 'rStyle14', 'pStyle24Header');\n$table13-&gt;addCell(7010, $styleCell)-&gt;addText('Belgelendirmenin devamı', 'rStyle14', 'pStyle24');\n\n$table13-&gt;addRow(396);  \n$table13-&gt;addCell(2800, $styleCellBTLR2);\n$table13-&gt;addCell(7010, $styleCell)-&gt;addText('Uygunsuzlukların doküman bazında takibi yapılarak, eksiklerin tamamlanması halinde belgelendirmenin devamı', 'rStyle14', 'pStyle24');\n\n$table13-&gt;addRow(396);  \n$table13-&gt;addCell(2800, $styleCellBTLR2);\n$table13-&gt;addCell(7010, $styleCell)-&gt;addText('Uygunsuzlukların takibinin yerinde denetimle yapılması ve eksiklerin tamamlanması halinde belgelendirmenin devamı', 'rStyle14', 'pStyle24');\n\n$table13-&gt;addRow(396);  \n$table13-&gt;addCell(2800, $styleCellBTLR2);\n$table13-&gt;addCell(7010, $styleCell)-&gt;addText('Belgelendirmenin askıya alınması', 'rStyle14', 'pStyle24');\n\n$table13-&gt;addRow(396);  \n$table13-&gt;addCell(2800, $styleCellBTLR2);\n$table13-&gt;addCell(7010, $styleCell)-&gt;addText('Belgelendirmenin iptali', 'rStyle14', 'pStyle24');\n\n$table13-&gt;addRow(396);  \n$table13-&gt;addCell(2800, $styleCellBTLR1)-&gt;addText('YENİDEN{brbr}BELGELENDİRME', 'rStyle14', 'pStyle24Header');\n$table13-&gt;addCell(7010, $styleCell)-&gt;addText('Belgelendirmenin yenilenmesi', 'rStyle14', 'pStyle24');\n\n$table13-&gt;addRow(396);  \n$table13-&gt;addCell(2800, $styleCellBTLR2);\n$table13-&gt;addCell(7010, $styleCell)-&gt;addText('Uygunsuzlukların doküman bazında takibi yapılarak, eksiklerin tamamlanması halinde belgelendirmenin yenilenmesi', 'rStyle14', 'pStyle24');\n\n$table13-&gt;addRow(396);  \n$table13-&gt;addCell(2800, $styleCellBTLR2);\n$table13-&gt;addCell(7010, $styleCell)-&gt;addText('Uygunsuzlukların takibinin yerinde denetimle yapılması ve eksiklerin tamamlanması halinde belgelendirmenin yenilenmesi', 'rStyle14', 'pStyle24');\n\n$table13-&gt;addRow(396);  \n$table13-&gt;addCell(2800, $styleCellBTLR2);\n$table13-&gt;addCell(7010, $styleCell)-&gt;addText('Belgelendirmenin yenilenmemesi', 'rStyle14', 'pStyle24');\n\n$table13-&gt;addRow(396);  \n$table13-&gt;addCell(2800, $styleCell)-&gt;addText(' ', 'rStyle14', 'pStyle24');\n$table13-&gt;addCell(7010, $styleCell)-&gt;addText('Kapsam değişikliği yapılması', 'rStyle14', 'pStyle24');\n\n$table13-&gt;addRow(396);  \n$table13-&gt;addCell(2800, $styleCell)-&gt;addText(' ', 'rStyle14', 'pStyle24');\n$table13-&gt;addCell(7010, $styleCell)-&gt;addText('Adres değişikliği yapılması', 'rStyle14', 'pStyle24');</code></pre>\n\n",
    "PostedDate": "2013-07-12T03:22:37.737-07:00",
    "UserRole": null,
    "MarkedAsAnswerDate": null
  },
  {
    "Id": "1069040",
    "ThreadId": "236364",
    "Html": "Need to set below code in Style/Cell.php constructor .<br />\n<pre><code>    } elseif($key == '_gridSpan') {\n        $this-&gt;setGridSpan($value);\n    } elseif($key == '_vMerge') {\n        $this-&gt;setVMerge($value);\n    } else {\n</code></pre>\n\nand below functions <br />\n<pre><code>public function setGridSpan($pValue = null) \n{ \n   $this-&gt;_gridSpan = $pValue; \n} \npublic function getGridSpan() \n{ \n   return $this-&gt;_gridSpan; \n}\npublic function setVMerge($pValue = null) \n{ \n   $this-&gt;_vMerge = $pValue; \n} \npublic function getVMerge() \n{ \n   return $this-&gt;_vMerge; \n}</code></pre>\n\n",
    "PostedDate": "2013-07-16T08:11:02.17-07:00",
    "UserRole": null,
    "MarkedAsAnswerDate": null
  },
  {
    "Id": "1093920",
    "ThreadId": "236364",
    "Html": "Thanks! Checked colSpan and it is working.<br />\n",
    "PostedDate": "2013-09-18T01:59:17.89-07:00",
    "UserRole": null,
    "MarkedAsAnswerDate": null
  },
  {
    "Id": "1102635",
    "ThreadId": "236364",
    "Html": "How to make that work colSpan:\r<br />\nMake it as it is written in a previous post\r<br />\n<br />\nPHPWord\\Writer\\Word2007\\Base.php\r<br />\n<br />\nprotected function _writeCellStyle\r<br />\n<br />\n$brdCol = $style-&gt;getBorderColor();\r<br />\nafter :$GridSpan = $style-&gt;getGridSpan();\r<br />\n<br />\n....\r<br />\n<br />\n$styles = (!is_null($bgColor) || !is_null($valign) || !is_null($textDir) || $borders) ? true : false;\r<br />\nafter\r<br />\n<br />\nif(!is_null($GridSpan)) {<br />\n<pre><code>            $objWriter-&gt;startElement('w:gridSpan');\n                $objWriter-&gt;writeAttribute('w:val', $GridSpan);\n            $objWriter-&gt;endElement();\n    }\n</code></pre>\n\nSorry for bad English<br />\n",
    "PostedDate": "2013-10-02T01:48:21.107-07:00",
    "UserRole": null,
    "MarkedAsAnswerDate": null
  },
  {
    "Id": "1111049",
    "ThreadId": "236364",
    "Html": "Hello! A have cheked all chages several times, but It's not works. I can't undersdant what I am doing wrong.<br />\n<br />\n<img src=\"http://i.piccy.info/i8/314e72c00a929f8822b19622c237c441/1382536358/8893/635885/table.jpg\" alt=\"Image\" /><br />\n<pre><code>$table = $section-&gt;addTable();\n$table-&gt;addRow();\n$table-&gt;addCell(1500, $styleCell)-&gt;addText('1');\n$table-&gt;addCell(750)-&gt;addText('2');\n$table-&gt;addRow();\n$table-&gt;addCell(750)-&gt;addText('1.1');\n$table-&gt;addCell(750)-&gt;addText('1.2');\n$table-&gt;addCell(750)-&gt;addText('2');</code></pre>\n\nHelp please!<br />\n",
    "PostedDate": "2013-10-23T06:43:26.9-07:00",
    "UserRole": null,
    "MarkedAsAnswerDate": null
  },
  {
    "Id": "1111548",
    "ThreadId": "236364",
    "Html": "Hello! Someone! Please post files with correct changes. Thanx!<br />\n",
    "PostedDate": "2013-10-24T05:22:57.937-07:00",
    "UserRole": null,
    "MarkedAsAnswerDate": null
  },
  {
    "Id": "1130791",
    "ThreadId": "236364",
    "Html": "I can't delete this content<br />\nwrite back.<br />\n",
    "PostedDate": "2013-12-02T00:13:40.137-08:00",
    "UserRole": null,
    "MarkedAsAnswerDate": null
  },
  {
    "Id": "1130794",
    "ThreadId": "236364",
    "Html": "I write solution!\r<br />\nTry this.....\r<br />\n<br />\n<br />\n<strong>1. modify file - /Style/Cell.php</strong>\r<br />\n  (1) add attributes.<br />\n<div style=\"color:Black;background-color:White;\"><pre>\r\n    <span style=\"color:Green;\">/**\n     * Horizontal align\n     *\n     * @var string\n     */</span>\n    <span style=\"color:Blue;\">private</span> $_align;\n    <span style=\"color:Green;\">/**\n     * for the colspan\n     */</span>\n    <span style=\"color:Blue;\">private</span> $_gridSpan;\n    <span style=\"color:Green;\">/**\n     * for the rowspan\n     */</span>\n    <span style=\"color:Blue;\">private</span> $_vMerge;\r\n</pre></div>(2) modify function  __construct()<br />\n<div style=\"color:Black;background-color:White;\"><pre>\r\n    <span style=\"color:Blue;\">public</span> <span style=\"color:Blue;\">function</span> __construct() {\n        $this-&gt;_align = null;       <span style=\"color:Green;\">//add this line</span>\n        $this-&gt;_valign = null;\n        $this-&gt;_textDirection = null;\n        $this-&gt;_bgColor = null;\n        $this-&gt;_borderTopSize = null;\n        $this-&gt;_borderTopColor = null;\n        $this-&gt;_borderLeftSize = null;\n        $this-&gt;_borderLeftColor = null;\n        $this-&gt;_borderRightSize = null;\n        $this-&gt;_borderRightColor = null;\n        $this-&gt;_borderBottomSize = null;\n        $this-&gt;_borderBottomColor = null;\n        $this-&gt;_defaultBorderColor = <span style=\"color:#A31515;\">&#39;000000&#39;</span>;\n        $this-&gt;_gridSpan = null;        <span style=\"color:Green;\">//add this line</span>\n        $this-&gt;_vMerge = null;      <span style=\"color:Green;\">//add this line</span>\n    }\r\n</pre></div>(3) modify function  setStyleValue($key, $value)<br />\n<div style=\"color:Black;background-color:White;\"><pre>\r\n    <span style=\"color:Blue;\">public</span> <span style=\"color:Blue;\">function</span> setStyleValue($key, $value) {\n        <span style=\"color:Blue;\">if</span>($key == <span style=\"color:#A31515;\">&#39;_borderSize&#39;</span>) {\n            $this-&gt;setBorderSize($value);\n        } <span style=\"color:Blue;\">elseif</span>($key == <span style=\"color:#A31515;\">&#39;_borderColor&#39;</span>) {\n            $this-&gt;setBorderColor($value);\n        } <span style=\"color:Blue;\">elseif</span>($key == <span style=\"color:#A31515;\">&#39;_gridSpan&#39;</span>) {     <span style=\"color:Green;\">//add this line</span>\n            $this-&gt;setGridSpan($value);\n        } <span style=\"color:Blue;\">elseif</span>($key == <span style=\"color:#A31515;\">&#39;_vMerge&#39;</span>) {       <span style=\"color:Green;\">//add this line</span>\n            $this-&gt;setVMerge($value);\n        } <span style=\"color:Blue;\">else</span> {\n            $this-&gt;$key = $value;\n        }\n    }\r\n</pre></div>(4) add function<br />\n<div style=\"color:Black;background-color:White;\"><pre>\r\n    <span style=\"color:Blue;\">public</span> <span style=\"color:Blue;\">function</span> getAlign() {\n        <span style=\"color:Blue;\">return</span> $this-&gt;_align;\n    }\n    <span style=\"color:Blue;\">public</span> <span style=\"color:Blue;\">function</span> setAlign($pValue = null) {\n        $this-&gt;_align = $pValue;\n    }\n    <span style=\"color:Blue;\">public</span> <span style=\"color:Blue;\">function</span> setGridSpan($pValue = null) {\n        $this-&gt;_gridSpan = $pValue;\n    }\n    <span style=\"color:Blue;\">public</span> <span style=\"color:Blue;\">function</span> getGridSpan() {\n        <span style=\"color:Blue;\">return</span> $this-&gt;_gridSpan;\n    }\n    <span style=\"color:Blue;\">public</span> <span style=\"color:Blue;\">function</span> setVMerge($pValue = null) {\n        $this-&gt;_vMerge = $pValue;\n    }\n    <span style=\"color:Blue;\">public</span> <span style=\"color:Blue;\">function</span> getVMerge() {\n        <span style=\"color:Blue;\">return</span> $this-&gt;_vMerge;\n    }\r\n</pre></div><strong>2. modify file - /Writer/Word2007/Base.php</strong>\r<br />\n  (1) modify function  _writeCellStyle(PHPWord_Shared_XMLWriter $objWriter = null, PHPWord_Style_Cell $style = null)<br />\n<div style=\"color:Black;background-color:White;\"><pre>\r\n    <span style=\"color:Blue;\">protected</span> <span style=\"color:Blue;\">function</span> _writeCellStyle(PHPWord_Shared_XMLWriter $objWriter = null, PHPWord_Style_Cell $style = null) {\n        $bgColor = $style-&gt;getBgColor();\n        $align = $style-&gt;getAlign();        <span style=\"color:Green;\">//add this line</span>\n        $valign = $style-&gt;getVAlign();\n        $textDir = $style-&gt;getTextDirection();\n        $brdSz = $style-&gt;getBorderSize();\n        $brdCol = $style-&gt;getBorderColor();\n        $gridSpan = $style-&gt;getGridSpan();      <span style=\"color:Green;\">//add this line</span>\n        $vMerge = $style-&gt;getVMerge();      <span style=\"color:Green;\">//add this line</span>\n\n        $bTop = (!is_null($brdSz[0])) ? true : false;\n        $bLeft = (!is_null($brdSz[1])) ? true : false;\n        $bRight = (!is_null($brdSz[2])) ? true : false;\n        $bBottom = (!is_null($brdSz[3])) ? true : false;\n        $borders = ($bTop || $bLeft || $bRight || $bBottom) ? true : false;\n\n        $styles = (!is_null($bgColor) || !is_null($valign) || !is_null($textDir) || !is_null($gridSpan) || !is_null($vMerge) || $borders) ? true : false;       <span style=\"color:Green;\">//modify this line</span>\n\n        <span style=\"color:Blue;\">if</span>($styles) {\n            <span style=\"color:Blue;\">if</span>(!is_null($textDir)) {\n                $objWriter-&gt;startElement(<span style=\"color:#A31515;\">&#39;w:textDirection&#39;</span>);\n                    $objWriter-&gt;writeAttribute(<span style=\"color:#A31515;\">&#39;w:val&#39;</span>, $textDir);\n                $objWriter-&gt;endElement();\n            }\n\n            <span style=\"color:Blue;\">if</span>(!is_null($bgColor)) {\n                $objWriter-&gt;startElement(<span style=\"color:#A31515;\">&#39;w:shd&#39;</span>);\n                    $objWriter-&gt;writeAttribute(<span style=\"color:#A31515;\">&#39;w:val&#39;</span>, <span style=\"color:#A31515;\">&#39;clear&#39;</span>);\n                    $objWriter-&gt;writeAttribute(<span style=\"color:#A31515;\">&#39;w:color&#39;</span>, <span style=\"color:#A31515;\">&#39;auto&#39;</span>);\n                    $objWriter-&gt;writeAttribute(<span style=\"color:#A31515;\">&#39;w:fill&#39;</span>, $bgColor);\n                $objWriter-&gt;endElement();\n            }\n\n            <span style=\"color:Blue;\">if</span>(!is_null($valign)) {\n                $objWriter-&gt;startElement(<span style=\"color:#A31515;\">&#39;w:vAlign&#39;</span>);\n                    $objWriter-&gt;writeAttribute(<span style=\"color:#A31515;\">&#39;w:val&#39;</span>, $valign);\n                $objWriter-&gt;endElement();\n            }\n\n            <span style=\"color:Blue;\">if</span>(!is_null($align)) {      <span style=\"color:Green;\">//add this line</span>\n                $objWriter-&gt;startElement(<span style=\"color:#A31515;\">&#39;w:pPr&#39;</span>);\n                    $objWriter-&gt;startElement(<span style=\"color:#A31515;\">&#39;w:jc&#39;</span>);\n                        $objWriter-&gt;writeAttribute(<span style=\"color:#A31515;\">&#39;w:val&#39;</span>, $valign);\n                    $objWriter-&gt;endElement();\n                $objWriter-&gt;endElement();\n            }\n\n            <span style=\"color:Blue;\">if</span>(!is_null($gridSpan)) {       <span style=\"color:Green;\">//add this line</span>\n                $objWriter-&gt;startElement(<span style=\"color:#A31515;\">&#39;w:gridSpan&#39;</span>);\n                $objWriter-&gt;writeAttribute(<span style=\"color:#A31515;\">&#39;w:val&#39;</span>, $gridSpan);\n                $objWriter-&gt;endElement();\n            }\n\n            <span style=\"color:Blue;\">if</span>(!is_null($vMerge)) {     <span style=\"color:Green;\">//add this line</span>\n                $objWriter-&gt;startElement(<span style=\"color:#A31515;\">&#39;w:vMerge&#39;</span>);\n                $objWriter-&gt;writeAttribute(<span style=\"color:#A31515;\">&#39;w:val&#39;</span>, $vMerge);\n                $objWriter-&gt;endElement();\n            }\n\n            <span style=\"color:Blue;\">if</span>($borders) {\n                $_defaultColor = $style-&gt;getDefaultBorderColor();\n\n                $objWriter-&gt;startElement(<span style=\"color:#A31515;\">&#39;w:tcBorders&#39;</span>);\n                    <span style=\"color:Blue;\">if</span>($bTop) {\n                        <span style=\"color:Blue;\">if</span>(is_null($brdCol[0])) { $brdCol[0] = $_defaultColor; }\n                        $objWriter-&gt;startElement(<span style=\"color:#A31515;\">&#39;w:top&#39;</span>);\n                            $objWriter-&gt;writeAttribute(<span style=\"color:#A31515;\">&#39;w:val&#39;</span>, <span style=\"color:#A31515;\">&#39;single&#39;</span>);\n                            $objWriter-&gt;writeAttribute(<span style=\"color:#A31515;\">&#39;w:sz&#39;</span>, $brdSz[0]);\n                            $objWriter-&gt;writeAttribute(<span style=\"color:#A31515;\">&#39;w:color&#39;</span>, $brdCol[0]);\n                        $objWriter-&gt;endElement();\n                    }\n\n                    <span style=\"color:Blue;\">if</span>($bLeft) {\n                        <span style=\"color:Blue;\">if</span>(is_null($brdCol[1])) { $brdCol[1] = $_defaultColor; }\n                        $objWriter-&gt;startElement(<span style=\"color:#A31515;\">&#39;w:left&#39;</span>);\n                            $objWriter-&gt;writeAttribute(<span style=\"color:#A31515;\">&#39;w:val&#39;</span>, <span style=\"color:#A31515;\">&#39;single&#39;</span>);\n                            $objWriter-&gt;writeAttribute(<span style=\"color:#A31515;\">&#39;w:sz&#39;</span>, $brdSz[1]);\n                            $objWriter-&gt;writeAttribute(<span style=\"color:#A31515;\">&#39;w:color&#39;</span>, $brdCol[1]);\n                        $objWriter-&gt;endElement();\n                    }\n\n                    <span style=\"color:Blue;\">if</span>($bRight) {\n                        <span style=\"color:Blue;\">if</span>(is_null($brdCol[2])) { $brdCol[2] = $_defaultColor; }\n                        $objWriter-&gt;startElement(<span style=\"color:#A31515;\">&#39;w:right&#39;</span>);\n                            $objWriter-&gt;writeAttribute(<span style=\"color:#A31515;\">&#39;w:val&#39;</span>, <span style=\"color:#A31515;\">&#39;single&#39;</span>);\n                            $objWriter-&gt;writeAttribute(<span style=\"color:#A31515;\">&#39;w:sz&#39;</span>, $brdSz[2]);\n                            $objWriter-&gt;writeAttribute(<span style=\"color:#A31515;\">&#39;w:color&#39;</span>, $brdCol[2]);\n                        $objWriter-&gt;endElement();\n                    }\n\n                    <span style=\"color:Blue;\">if</span>($bBottom) {\n                        <span style=\"color:Blue;\">if</span>(is_null($brdCol[3])) { $brdCol[3] = $_defaultColor; }\n                        $objWriter-&gt;startElement(<span style=\"color:#A31515;\">&#39;w:bottom&#39;</span>);\n                            $objWriter-&gt;writeAttribute(<span style=\"color:#A31515;\">&#39;w:val&#39;</span>, <span style=\"color:#A31515;\">&#39;single&#39;</span>);\n                            $objWriter-&gt;writeAttribute(<span style=\"color:#A31515;\">&#39;w:sz&#39;</span>, $brdSz[3]);\n                            $objWriter-&gt;writeAttribute(<span style=\"color:#A31515;\">&#39;w:color&#39;</span>, $brdCol[3]);\n                        $objWriter-&gt;endElement();\n                    }\n\n                $objWriter-&gt;endElement();\n            }\n        }\n    }\r\n</pre></div><strong>3. Here is my source.</strong><br />\n<div style=\"color:Black;background-color:White;\"><pre>\r\n$table = $section-&gt;addTable(<span style=\"color:Blue;\">array</span>(<span style=\"color:#A31515;\">&#39;borderSize&#39;</span>=&gt;6, <span style=\"color:#A31515;\">&#39;borderColor&#39;</span>=&gt;<span style=\"color:#A31515;\">&#39;e3e3e3&#39;</span>, <span style=\"color:#A31515;\">&#39;cellMarginRight&#39;</span>=&gt;80, <span style=\"color:#A31515;\">&#39;cellMarginLeft&#39;</span>=&gt;80));\n\n$table-&gt;addRow();\n$table-&gt;addCell(2100, <span style=\"color:Blue;\">array</span>(<span style=\"color:#A31515;\">&#39;vMerge&#39;</span> =&gt; <span style=\"color:#A31515;\">&#39;restart&#39;</span>))-&gt;addText(<span style=\"color:#A31515;\">&#39;ROWSPAN 5&#39;</span>, <span style=\"color:Blue;\">array</span>(<span style=\"color:#A31515;\">&#39;width&#39;</span>=&gt;130, <span style=\"color:#A31515;\">&#39;height&#39;</span>=&gt;150, <span style=\"color:#A31515;\">&#39;align&#39;</span>=&gt;<span style=\"color:#A31515;\">&#39;center&#39;</span>));       <span style=\"color:Green;\">//rowspan count 1</span>\n$table-&gt;addCell(1500, <span style=\"color:Blue;\">array</span>(<span style=\"color:#A31515;\">&#39;bgColor&#39;</span>=&gt;<span style=\"color:#A31515;\">&#39;f1f1f1&#39;</span>, <span style=\"color:#A31515;\">&#39;align&#39;</span>=&gt;<span style=\"color:#A31515;\">&#39;center&#39;</span>))-&gt;addText(<span style=\"color:#A31515;\">&#39;Name&#39;</span>, <span style=\"color:Blue;\">array</span>(<span style=\"color:#A31515;\">&#39;bold&#39;</span>=&gt;true, <span style=\"color:#A31515;\">&#39;color&#39;</span>=&gt;<span style=\"color:#A31515;\">&#39;666666&#39;</span>));\n$table-&gt;addCell(5500, <span style=\"color:Blue;\">array</span>(<span style=\"color:#A31515;\">&#39;gridSpan&#39;</span> =&gt; 3))-&gt;addText(<span style=\"color:#A31515;\">&#39;My Name is Landy Kim&#39;</span>, <span style=\"color:Blue;\">array</span>(<span style=\"color:#A31515;\">&#39;size&#39;</span>=&gt;9));       <span style=\"color:Green;\">//colspan</span>\n\n$table-&gt;addRow();\n$table-&gt;addCell(2100, <span style=\"color:Blue;\">array</span>(<span style=\"color:#A31515;\">&#39;vMerge&#39;</span> =&gt; <span style=\"color:#A31515;\">&#39;&#39;</span>));       <span style=\"color:Green;\">//rowspan count 2</span>\n$table-&gt;addCell(1500, <span style=\"color:Blue;\">array</span>(<span style=\"color:#A31515;\">&#39;bgColor&#39;</span>=&gt;<span style=\"color:#A31515;\">&#39;f1f1f1&#39;</span>, <span style=\"color:#A31515;\">&#39;align&#39;</span>=&gt;<span style=\"color:#A31515;\">&#39;center&#39;</span>))-&gt;addText(<span style=\"color:#A31515;\">&#39;Nationality&#39;</span>, <span style=\"color:Blue;\">array</span>(<span style=\"color:#A31515;\">&#39;bold&#39;</span>=&gt;true, <span style=\"color:#A31515;\">&#39;color&#39;</span>=&gt;<span style=\"color:#A31515;\">&#39;666666&#39;</span>));\n$table-&gt;addCell(5500, <span style=\"color:Blue;\">array</span>(<span style=\"color:#A31515;\">&#39;gridSpan&#39;</span> =&gt; 3))-&gt;addText(<span style=\"color:#A31515;\">&#39;South Korea&#39;</span>, <span style=\"color:Blue;\">array</span>(<span style=\"color:#A31515;\">&#39;size&#39;</span>=&gt;9));        <span style=\"color:Green;\">//colspan</span>\n\n$table-&gt;addRow();\n$table-&gt;addCell(2100, <span style=\"color:Blue;\">array</span>(<span style=\"color:#A31515;\">&#39;vMerge&#39;</span> =&gt; <span style=\"color:#A31515;\">&#39;&#39;</span>));       <span style=\"color:Green;\">//rowspan count 3</span>\n$table-&gt;addCell(1500, <span style=\"color:Blue;\">array</span>(<span style=\"color:#A31515;\">&#39;bgColor&#39;</span>=&gt;<span style=\"color:#A31515;\">&#39;f1f1f1&#39;</span>, <span style=\"color:#A31515;\">&#39;align&#39;</span>=&gt;<span style=\"color:#A31515;\">&#39;center&#39;</span>))-&gt;addText(<span style=\"color:#A31515;\">&#39;Address&#39;</span>, <span style=\"color:Blue;\">array</span>(<span style=\"color:#A31515;\">&#39;bold&#39;</span>=&gt;true, <span style=\"color:#A31515;\">&#39;color&#39;</span>=&gt;<span style=\"color:#A31515;\">&#39;666666&#39;</span>));\n$table-&gt;addCell(5500, <span style=\"color:Blue;\">array</span>(<span style=\"color:#A31515;\">&#39;gridSpan&#39;</span> =&gt; 3))-&gt;addText(<span style=\"color:#A31515;\">&#39;Top Secret^^&#39;</span>, <span style=\"color:Blue;\">array</span>(<span style=\"color:#A31515;\">&#39;size&#39;</span>=&gt;9));       <span style=\"color:Green;\">//colspan</span>\n\n$table-&gt;addRow();\n$table-&gt;addCell(2100, <span style=\"color:Blue;\">array</span>(<span style=\"color:#A31515;\">&#39;vMerge&#39;</span> =&gt; <span style=\"color:#A31515;\">&#39;&#39;</span>));       <span style=\"color:Green;\">//rowspan count 4</span>\n$table-&gt;addCell(1500, <span style=\"color:Blue;\">array</span>(<span style=\"color:#A31515;\">&#39;bgColor&#39;</span>=&gt;<span style=\"color:#A31515;\">&#39;f1f1f1&#39;</span>, <span style=\"color:#A31515;\">&#39;align&#39;</span>=&gt;<span style=\"color:#A31515;\">&#39;center&#39;</span>))-&gt;addText(<span style=\"color:#A31515;\">&#39;Tel&#39;</span>, <span style=\"color:Blue;\">array</span>(<span style=\"color:#A31515;\">&#39;bold&#39;</span>=&gt;true, <span style=\"color:#A31515;\">&#39;color&#39;</span>=&gt;<span style=\"color:#A31515;\">&#39;666666&#39;</span>));\n$table-&gt;addCell(2000)-&gt;addText(<span style=\"color:#A31515;\">&#39;000-000-0000&#39;</span>, <span style=\"color:Blue;\">array</span>(<span style=\"color:#A31515;\">&#39;size&#39;</span>=&gt;9));\n$table-&gt;addCell(1500, <span style=\"color:Blue;\">array</span>(<span style=\"color:#A31515;\">&#39;bgColor&#39;</span>=&gt;<span style=\"color:#A31515;\">&#39;f1f1f1&#39;</span>, <span style=\"color:#A31515;\">&#39;align&#39;</span>=&gt;<span style=\"color:#A31515;\">&#39;center&#39;</span>))-&gt;addText(<span style=\"color:#A31515;\">&#39;Mobile&#39;</span>, <span style=\"color:Blue;\">array</span>(<span style=\"color:#A31515;\">&#39;bold&#39;</span>=&gt;true, <span style=\"color:#A31515;\">&#39;color&#39;</span>=&gt;<span style=\"color:#A31515;\">&#39;666666&#39;</span>));\n$table-&gt;addCell(2000)-&gt;addText(<span style=\"color:#A31515;\">&#39;000-0000-0000&#39;</span>, <span style=\"color:Blue;\">array</span>(<span style=\"color:#A31515;\">&#39;size&#39;</span>=&gt;9));\n\n$table-&gt;addRow();\n$table-&gt;addCell(2100, <span style=\"color:Blue;\">array</span>(<span style=\"color:#A31515;\">&#39;vMerge&#39;</span> =&gt; <span style=\"color:#A31515;\">&#39;&#39;</span>));       <span style=\"color:Green;\">//rowspan count 5</span>\n$table-&gt;addCell(1500, <span style=\"color:Blue;\">array</span>(<span style=\"color:#A31515;\">&#39;bgColor&#39;</span>=&gt;<span style=\"color:#A31515;\">&#39;f1f1f1&#39;</span>, <span style=\"color:#A31515;\">&#39;align&#39;</span>=&gt;<span style=\"color:#A31515;\">&#39;center&#39;</span>))-&gt;addText(<span style=\"color:#A31515;\">&#39;email&#39;</span>, <span style=\"color:Blue;\">array</span>(<span style=\"color:#A31515;\">&#39;bold&#39;</span>=&gt;true, <span style=\"color:#A31515;\">&#39;color&#39;</span>=&gt;<span style=\"color:#A31515;\">&#39;666666&#39;</span>));\n$table-&gt;addCell(500, <span style=\"color:Blue;\">array</span>(<span style=\"color:#A31515;\">&#39;gridSpan&#39;</span> =&gt; 3))-&gt;addText(<span style=\"color:#A31515;\">&#39;jun981126@hotmail.com&#39;</span>, <span style=\"color:Blue;\">array</span>(<span style=\"color:#A31515;\">&#39;size&#39;</span>=&gt;9));       <span style=\"color:Green;\">//colspan</span>\r\n</pre></div>",
    "PostedDate": "2013-12-02T00:25:00.577-08:00",
    "UserRole": null,
    "MarkedAsAnswerDate": null
  }
]