[
  {
    "Id": "528746",
    "ThreadId": "236500",
    "Html": "\r\n<p>Sorry to say that I don't think PHPWord is sufficient enough to modify a docx dynamically. Basically my requirement is adding some bullet-ed texts following on the same bullet-ed styled texts in the existing docx, adding/ removing some rows &amp; columns\r\n in a table in the existing docx, keeping their existing styles. Using ZipArchive I've successfully replaced/modified some strings in the docx but stuck with bullets and tables modifications. Any help please?</p>\r\n",
    "PostedDate": "2010-11-30T04:14:39.853-08:00",
    "UserRole": null,
    "MarkedAsAnswerDate": null
  },
  {
    "Id": "528790",
    "ThreadId": "236500",
    "Html": "\r\n<p>I would like to help, but I am not sure what you mean. I have a complex table in my docx.</p>\r\n<p>I use a $columnHeadings var and a foreach loop to control the number of columns. Of course, the number of cells in the row should match the number of $columnHeadings. You could use a foreach loop with $cells var to build each row.</p>\r\n<p></p>\r\n<div style=\"color:black; background-color:white\">\r\n<pre><span style=\"color:green\">// Add table for members</span>\r\n$tableStyle = <span style=\"color:blue\">array</span>(<span style=\"color:#a31515\">'borderSize'</span> =&gt; 6, <span style=\"color:#a31515\">'borderColor'</span> =&gt; <span style=\"color:#a31515\">'999999'</span>, <span style=\"color:#a31515\">'cellMargin'</span> =&gt; 20);\r\n$firstRowStyle = <span style=\"color:blue\">array</span> (<span style=\"color:#a31515\">'bgColor'</span> =&gt; <span style=\"color:#a31515\">'EEEEEE'</span>);\r\n$PHPWord-&gt;addTableStyle(<span style=\"color:#a31515\">'myStyle'</span>, $tableStyle, $firstRowStyle);\r\n$table = $section-&gt;addTable(<span style=\"color:#a31515\">'myStyle'</span>);\r\n$table-&gt;addRow();\r\n\r\n<span style=\"color:green\">// heading row</span>\r\n$headFontStyle = <span style=\"color:blue\">array</span>(<span style=\"color:#a31515\">'size'</span> =&gt; 11, <span style=\"color:#a31515\">'bold'</span> =&gt; true);\r\n<span style=\"color:blue\">foreach</span> ($columnHeadings <span style=\"color:blue\">as</span> $head)\r\n{\r\n  $table-&gt;addCell(1300, $cellStyle)-&gt;addText($head, $headFontStyle, $paraStyle);\r\n}\r\n<span style=\"color:green\">// member rows</span>\r\n<span style=\"color:blue\">foreach</span> ($members <span style=\"color:blue\">as</span> $member)\r\n{\r\n  $photoStyle = <span style=\"color:blue\">array</span>(<span style=\"color:#a31515\">'width'</span> =&gt; 80);\r\n  $table-&gt;addRow();\r\n  $table-&gt;addCell(1300, $cellStyle)-&gt;addImage(<span style=\"color:#a31515\">'/myfull/path'</span>.($member-&gt;getImage() ? $member-&gt;getImage() : $member-&gt;getDefaultImage()), $photoStyle);\r\n  $table-&gt;addCell(1300, $cellStyle)-&gt;addText($member-&gt;getFullName());\r\n  $statusCell = $table-&gt;addCell(1300, $cellStyle);\r\n    $statusCell-&gt;addImage(<span style=\"color:#a31515\">'/myfull/path'</span>.$member-&gt;getMemberStatusIcon()); <span style=\"color:green\">//makes a linebreak after the image insert! How to remove linebreak??</span>\r\n    $statusCell-&gt;addText($member-&gt;getMemberStatusWord());\r\n  $table-&gt;addCell(1300, $cellStyle)-&gt;addText($member-&gt;getTitle());\r\n  $table-&gt;addCell(1300, $cellStyle)-&gt;addText($member-&gt;getAssignedSA());\r\n  $table-&gt;addCell(1300, $cellStyle)-&gt;addText($member-&gt;getAccessGroup());\r\n  $table-&gt;addCell(1300, $cellStyle)-&gt;addText($member-&gt;getComment());\r\n}\r\n\r\n<span style=\"color:green\">// footer row</span>\r\n$table-&gt;addRow();\r\n$lastRowStyle = <span style=\"color:blue\">array</span> (<span style=\"color:#a31515\">'bgColor'</span> =&gt; <span style=\"color:#a31515\">'EEEEEE'</span>);\r\n<span style=\"color:blue\">for</span> ($i = 1; $i &lt;= count($columnHeadings); $i&#43;&#43;)\r\n{\r\n  $table-&gt;addCell(1300, $lastRowStyle);\r\n}\r\n</pre>\r\n</div>\r\n<p></p>\r\n<p></p>\r\n<div style=\"color:black; background-color:white\">\r\n<pre><br></pre>\r\n</div>\r\n<p></p>\r\n",
    "PostedDate": "2010-11-30T06:31:42.223-08:00",
    "UserRole": null,
    "MarkedAsAnswerDate": null
  },
  {
    "Id": "529230",
    "ThreadId": "236500",
    "Html": "\r\n<p>i have a sample docx like the following. and the bullet style and table texts/ rows/ columns and their styles could be varied from verdana to arial or from font size 8 to 20 pt. etc.</p>\r\n<p>say there are some bullets like this-</p>\r\n<p>&nbsp;</p>\r\n<ul>\r\n<li>%BULLETEDITEM% </li></ul>\r\n<p>&nbsp;</p>\r\n<ul>\r\n<li>%<strong><em>BULLETEDITEM</em></strong>% </li></ul>\r\n<p>say there is a table like this-</p>\r\n<table border=\"1\" cellspacing=\"0\" cellpadding=\"0\">\r\n<tbody>\r\n<tr>\r\n<td width=\"213\" valign=\"top\">\r\n<p>%ITEMONE%</p>\r\n</td>\r\n<td width=\"213\" valign=\"top\">\r\n<p>%ITEMTWO%</p>\r\n</td>\r\n<td width=\"213\" valign=\"top\">\r\n<p>%ITEMTHREE%</p>\r\n</td>\r\n</tr>\r\n</tbody>\r\n</table>\r\n<p>ok? now i need to follow the exact existing styles for bullets and tables when i am adding new bullets or new rows in a table. please note as per your example code, i cant determine &quot;</p>\r\n<pre>$tableStyle = <span style=\"color:blue\">array</span>(<span style=\"color:#a31515\">'borderSize'</span> =&gt; 6, <span style=\"color:#a31515\">'borderColor'</span> =&gt; <span style=\"color:#a31515\">'999999'</span>, <span style=\"color:#a31515\">'cellMargin'</span> =&gt; 20);&quot; because i don't know whether the current style has a border or not, or what should be its background color!<br><br>so i need to know the styles on the fly then by following them need to add bullet-ed texts dynamically. the same rule applies to tables also :)<br><br>does this make sense now?</pre>\r\n",
    "PostedDate": "2010-11-30T22:09:59.897-08:00",
    "UserRole": null,
    "MarkedAsAnswerDate": null
  }
]