[
  {
    "Id": "622467",
    "ThreadId": "260069",
    "Html": "\r\n<p>Hi everybody,</p>\r\n<p>I want to know if there is any possibillity to read and/or edit CustomProperties with PHPWord yet.</p>\r\n<p>It would be awesome if there is any way to do so.</p>\r\n<p>&nbsp;</p>\r\n<p>I couldn't find any other feature than to work with the normal DocumentProperties, but if there is any please tell me about it.</p>\r\n<p>&nbsp;</p>\r\n<p>Thanks for your reply.</p>\r\n<p>&nbsp;</p>\r\n<p>Greetings</p>\r\n<p>Zeit</p>\r\n",
    "PostedDate": "2011-06-03T04:30:09.553-07:00",
    "UserRole": null,
    "MarkedAsAnswerDate": null
  }
]