[
  {
    "Id": "914033",
    "ThreadId": "395921",
    "Html": "\r\n<p>How can i add&nbsp;&nbsp;link to the other part of the document, just like the title and\r\n<span>the text ，when i click &nbsp;the mouse i can from the title to the text. &nbsp;I just want to create a cover page,and when i click the title on the cover page,i can go to the text.</span></p>\r\n<p><span>Sorry for my english</span></p>\r\n",
    "PostedDate": "2012-09-18T04:13:18.783-07:00",
    "UserRole": null,
    "MarkedAsAnswerDate": null
  }
]