[
  {
    "Id": "512537",
    "ThreadId": "232319",
    "Html": "\r\n<p>I have a problem using the template function.</p>\r\n<p>The code of my PHP script is:</p>\r\n<p>&nbsp;</p>\r\n<div style=\"color:black; background-color:white\">\r\n<pre><span style=\"color:blue\">require_once</span> <span style=\"color:#a31515\">'Classes/PHPWord.php'</span>;<br>\t<br>$PHPWord = <span style=\"color:blue\">new</span> PHPWord();<br>\t<br>$document = $PHPWord-&gt;loadTemplate($Template);<br><br>$document-&gt;setValue(<span style=\"color:#a31515\">'Value1'</span>, $Cliente.<span style=\"color:#a31515\">' ('</span>.$CodiceFiscale.<span style=\"color:#a31515\">')'</span>);<br>$document-&gt;setValue(<span style=\"color:#a31515\">'Value2'</span>, $Classificazione1);<br>$document-&gt;setValue(<span style=\"color:#a31515\">'Value3'</span>, $Classificazione2);<br>$document-&gt;setValue(<span style=\"color:#a31515\">'Value4'</span>, $Classificazione3);<br>$document-&gt;setValue(<span style=\"color:#a31515\">'Value5'</span>, $PianoFabbisogni1);<br>$document-&gt;setValue(<span style=\"color:#a31515\">'Value6'</span>, $PianoFabbisogni2);<br>$document-&gt;setValue(<span style=\"color:#a31515\">'Value7'</span>, $NotePianoFabbisogni);<br>$document-&gt;setValue(<span style=\"color:#a31515\">'Value8'</span>, $ContrattoFornitura1);<br>$document-&gt;setValue(<span style=\"color:#a31515\">'Value9'</span>, $ContrattoFornitura2);<br>$document-&gt;setValue(<span style=\"color:#a31515\">'Value10'</span>, $NoteContrattoFornitura);<br>$document-&gt;setValue(<span style=\"color:#a31515\">'Value11'</span>, $AltraDocumentazione);<br>$document-&gt;setValue(<span style=\"color:#a31515\">'Value12'</span>, $Intranet1);<br>$document-&gt;setValue(<span style=\"color:#a31515\">'Value13'</span>, $Infranet1);<br>$document-&gt;setValue(<span style=\"color:#a31515\">'Value14'</span>, $Internet1);<br>$document-&gt;setValue(<span style=\"color:#a31515\">'Value15'</span>, $TipologiaServizi);<br>$document-&gt;setValue(<span style=\"color:#a31515\">'Value16'</span>, $CanoneAnnuo);<br>$document-&gt;setValue(<span style=\"color:#a31515\">'Value17'</span>, $UnaTantum);<br>$document-&gt;setValue(<span style=\"color:#a31515\">'Value18'</span>, $NumeroServizi);<br>$document-&gt;setValue(<span style=\"color:#a31515\">'Value19'</span>, $DataContratto);<br>$document-&gt;setValue(<span style=\"color:#a31515\">'Value20'</span>, $Difformita1);<br>$document-&gt;setValue(<span style=\"color:#a31515\">'Value21'</span>, $Difformita2);<br>$document-&gt;setValue(<span style=\"color:#a31515\">'Value22'</span>, $AltreNote);<br>$document-&gt;setValue(<span style=\"color:#a31515\">'Value23'</span>, $RisultatoRiesame1);<br>$document-&gt;setValue(<span style=\"color:#a31515\">'Value24'</span>, $RisultatoRiesame2);<br>$document-&gt;setValue(<span style=\"color:#a31515\">'Value25'</span>, $Funzione1);<br>$document-&gt;setValue(<span style=\"color:#a31515\">'Value26'</span>, $Data1);<br>$document-&gt;setValue(<span style=\"color:#a31515\">'Value27'</span>, $NomeCognome1);<br>$document-&gt;setValue(<span style=\"color:#a31515\">'Value28'</span>, $Funzione2);<br>$document-&gt;setValue(<span style=\"color:#a31515\">'Value29'</span>, $Data2);<br>$document-&gt;setValue(<span style=\"color:#a31515\">'Value30'</span>, $NomeCognome2);<br><br>$document-&gt;save($NomeFile);<br></pre>\r\n</div>\r\n<p>&nbsp;</p>\r\n<p>I've modified the word template and now the values are from &quot;Value1&quot; to &quot;Value30&quot;.</p>\r\n<p>The output file is saved but, when I open that, only values from 1 to 10 are modified.</p>\r\n<p>Please.....help me</p>\r\n",
    "PostedDate": "2010-10-26T00:02:03.83-07:00",
    "UserRole": null,
    "MarkedAsAnswerDate": null
  }
]