[
  {
    "Id": "480815",
    "ThreadId": "223661",
    "Html": "<p>Hi I am wondering can I add a list item in a table?</p>\r\n<p>It doesn't seem to work.</p>\r\n<p>$table-&gt;addCell(2535, $styleCell)-&gt;addListItem('0 - 2 years',0, $fontStyle7,$listStyle);</p>",
    "PostedDate": "2010-08-15T22:52:23.333-07:00",
    "UserRole": null,
    "MarkedAsAnswerDate": null
  },
  {
    "Id": "701676",
    "ThreadId": "223661",
    "Html": "<p>Hi,</p>\n<p>I have the same problem with this method. This code generates a fatal error</p>\n<p>$table = $section-&gt;addTable();<br /> $table-&gt;addRow(1000); <br /> $cell = $table-&gt;addCell(1000); <br /> $cell-&gt;addListItem('Item 1', 0); <br /> $cell-&gt;addListItem('Item 1.1', 1);</p>\n<p>Fatal error: Call to private method PHPWord_Writer_Word2007_Document::_writeListItem() from context 'PHPWord_Writer_Word2007_Base'&nbsp;</p>\n<p>I went into the class \"PHPWord_Writer_Word2007_Document\" and change the accessibility of the method&nbsp;PHPWord_Writer_Word2007_Document::_writeListItem() to protected and all works fine, my list appear in the table cell. <br /> Is this private accessibility necessary or is it an implementation problem ?<br /> <br /></p>",
    "PostedDate": "2011-11-22T01:59:27.01-08:00",
    "UserRole": null,
    "MarkedAsAnswerDate": null
  },
  {
    "Id": "1065979",
    "ThreadId": "223661",
    "Html": "Hi,\r<br />\n<br />\nI have the same issue to add a List Item in an Table Cell. Has anybody an Idee?\r<br />\n<br />\nThanks!\r<br />\n<br />\nKind regards,\r<br />\nBuschdieb<br />\n",
    "PostedDate": "2013-07-09T01:39:47.163-07:00",
    "UserRole": null,
    "MarkedAsAnswerDate": null
  },
  {
    "Id": "1083354",
    "ThreadId": "223661",
    "Html": "open file Document.php, line 235\r<br />\n<br />\nchange:<br />\n<pre><code>private function _writeListItem</code></pre>\n\nto<br />\n<pre><code>public function _writeListItem</code></pre>\n\n",
    "PostedDate": "2013-08-21T16:03:27.883-07:00",
    "UserRole": null,
    "MarkedAsAnswerDate": null
  }
]