{
  "WorkItem": {
    "AffectedComponent": {
      "Name": "",
      "DisplayName": ""
    },
    "ClosedComment": "",
    "ClosedDate": null,
    "CommentCount": 0,
    "Custom": null,
    "Description": "Hi I am having a problem with saving a document from a template.\r\n\r\nI have a total of 147 templates, but at any point in time only need 20 of them, but once placed they need to be sequentially named, I have already dealt with this from the following code:\r\n\r\n```\r\n//Add Template Documentation\r\n//step 1 identify which documentation set is required\r\n$sql = \"SELECT * FROM templates_documents WHERE scope = '\".$values[\"msscope\"].\"'\";\r\n$rs = CustomQuery($sql); \r\n$results = $rs;\r\nwhile ($row = $results->fetch_assoc())\r\n{\r\n//Step 2 correctly name doc reference\r\nif ($row[\"scope\"] == '9001') $docref = $row[\"9001ref\"]; \r\nelseif ($row[\"scope\"] == '14001') $docref = $row[\"14001ref\"]; \r\nelseif ($row[\"scope\"] == '18001') $docref = $row[\"18001ref\"]; \r\nelseif ($row[\"scope\"] == '9001,14001') $docref = $row[\"914001ref\"]; \r\nelseif ($row[\"scope\"] == '9001,18001') $docref = $row[\"918001ref\"]; \r\nelseif ($row[\"scope\"] == '14001,18001') $docref = $row[\"1418001ref\"]; \r\nelseif ($row[\"scope\"] == '9001,14001,18001') $docref = $row[\"91418001ref\"];\r\n\r\n//Step 3 Decode Attachment Field\r\n$fileArray = json_decode($row[\"attachment\"],true);\r\n\r\n//values from Attachment Array\r\n$name1 = $fileArray[\"0\"][\"name\"]; \r\n$usrName1 = $fileArray[\"0\"][\"usrName\"];\r\n$size1 = $fileArray[\"0\"][\"size\"];\r\n$type1 = $fileArray[\"0\"][\"type\"];\r\n$searchStr1 = $fileArray[\"0\"][\"searchStr\"];\r\n\r\n$name2 = $folder.'/'.$docref.'.docx';\r\n$usrName2 = $docref.\".docx\";\r\n$size2=$size1;\r\n$type2=$type1;\r\n$searchStr2 = $usrName2.\",!:sStrEnd\";\r\n$attachment2 = '[{\"name\":\"'.$folder.'\\/'.$usrName2.'\",\"usrName\":\"'.$usrName2.'\",\"size\":'.$size2.',\"type\":\"'.$type2.'\",\"searchStr\":\"'.$searchStr2.'\"}]';\r\n```\r\n\r\nThe above all works fine, but I get problems after introducing the following PHPWord code:\r\n```\r\nrequire_once 'plugins/PHPWord/Template.php';\r\nrequire_once 'plugins/PHPWord.php';\r\n$PHPWord = new PHPWord();\r\n$template = $PHPWord->loadTemplate('/home/sites/iso-drive.co.uk/public_html/portal/'.$name1);\r\n$template->save('/home/sites/iso-drive.co.uk/public_html/portal/'.$name2);\r\nunset($template);\r\n```\r\nThe error coming up is in this [screenshot](http://prntscr.com/4ybq4o)\r\n\r\nI have tried using relative and absolute paths, and cant figure out the problem\r\n\r\nfrom a var_dump I can see that the $name 1 and $name2 functions are working, ie in example I am trying $name1 returns Templates/test_rsnglzbn.docx and $name2 returns ClientFiles/152/PM-01.docx which is correct.  However if you look at error line 2 on the screenshot, it looks like the path is not correctly set.\r\n\r\nPlease help?",
    "LastUpdatedDate": "2014-10-22T02:29:47.2-07:00",
    "PlannedForRelease": "",
    "ReleaseVisibleToPublic": false,
    "Priority": {
      "Name": "Unassigned",
      "Severity": 0,
      "Id": 0
    },
    "ProjectName": "phpword",
    "ReportedDate": "2014-10-21T13:19:21.607-07:00",
    "Status": {
      "Name": "Proposed",
      "Id": 1
    },
    "ReasonClosed": {
      "Name": "Unassigned"
    },
    "Summary": "path issues with phpword",
    "Type": {
      "Name": "Unassigned",
      "Id": 5
    },
    "VoteCount": 2,
    "Id": 82
  },
  "FileAttachments": [],
  "Comments": []
}