{
  "WorkItem": {
    "AffectedComponent": {
      "Name": "",
      "DisplayName": ""
    },
    "ClosedComment": "",
    "ClosedDate": null,
    "CommentCount": 0,
    "Custom": null,
    "Description": "I want to be able to edit and watermark an existing word documents, is that possible? and the code does not recognize .doc or rtf documents, is there a way i can tweak to recognize them. Please anybody help with this asap as the project i am working on now depends on it.",
    "LastUpdatedDate": "2015-03-12T10:26:14.413-07:00",
    "PlannedForRelease": "",
    "ReleaseVisibleToPublic": false,
    "Priority": {
      "Name": "Unassigned",
      "Severity": 0,
      "Id": 0
    },
    "ProjectName": "phpword",
    "ReportedDate": "2015-03-12T10:26:14.413-07:00",
    "Status": {
      "Name": "Proposed",
      "Id": 1
    },
    "ReasonClosed": {
      "Name": "Unassigned"
    },
    "Summary": "Edit an Existing document and add watermark",
    "Type": {
      "Name": "Unassigned",
      "Id": 5
    },
    "VoteCount": 1,
    "Id": 98
  },
  "FileAttachments": [],
  "Comments": []
}