{
  "WorkItem": {
    "AffectedComponent": {
      "Name": "",
      "DisplayName": ""
    },
    "ClosedComment": "",
    "ClosedDate": null,
    "CommentCount": 0,
    "Custom": null,
    "Description": "When you open a template it creates a temporary file based on the location of the template. This assumes that the webserver has permissions to do this. There should really be a way of setting a temporary folder path, probably best to be global for phpword so it can use it for any other functions.",
    "LastUpdatedDate": "2012-06-23T08:15:32.687-07:00",
    "PlannedForRelease": "",
    "ReleaseVisibleToPublic": false,
    "Priority": {
      "Name": "Low",
      "Severity": 50,
      "Id": 1
    },
    "ProjectName": "phpword",
    "ReportedDate": "2012-06-23T08:15:32.687-07:00",
    "Status": {
      "Name": "Proposed",
      "Id": 1
    },
    "ReasonClosed": {
      "Name": "Unassigned"
    },
    "Summary": "Template Open, temporary file",
    "Type": {
      "Name": "Issue",
      "Id": 3
    },
    "VoteCount": 1,
    "Id": 46
  },
  "FileAttachments": [],
  "Comments": []
}