{
  "WorkItem": {
    "AffectedComponent": {
      "Name": "",
      "DisplayName": ""
    },
    "ClosedComment": "",
    "ClosedDate": null,
    "CommentCount": 0,
    "Custom": null,
    "Description": "I am able to generate text field and checkboxes. but i am unable to move them at exact location where i want to place them PLease reply.",
    "LastUpdatedDate": "2015-01-06T09:20:15.837-08:00",
    "PlannedForRelease": "",
    "ReleaseVisibleToPublic": false,
    "Priority": {
      "Name": "Unassigned",
      "Severity": 0,
      "Id": 0
    },
    "ProjectName": "phpword",
    "ReportedDate": "2015-01-06T09:20:15.837-08:00",
    "Status": {
      "Name": "Proposed",
      "Id": 1
    },
    "ReasonClosed": {
      "Name": "Unassigned"
    },
    "Summary": "I am able to generate text field and checkboxes. but i am unable to move them at exact location where i want to place them PLease reply.",
    "Type": {
      "Name": "Unassigned",
      "Id": 5
    },
    "VoteCount": 1,
    "Id": 92
  },
  "FileAttachments": [],
  "Comments": []
}