{
  "WorkItem": {
    "AffectedComponent": {
      "Name": "",
      "DisplayName": ""
    },
    "ClosedComment": "",
    "ClosedDate": null,
    "CommentCount": 0,
    "Custom": null,
    "Description": "Hi, \r\nI want to create checkbox, which style shold be \"Margin-left: 25px\"; Means it should create after 25 px, begining of the doc.\r\n\r\n\r\n\r\n\r\n\r\n",
    "LastUpdatedDate": "2015-01-13T02:07:29.773-08:00",
    "PlannedForRelease": "",
    "ReleaseVisibleToPublic": false,
    "Priority": {
      "Name": "Unassigned",
      "Severity": 0,
      "Id": 0
    },
    "ProjectName": "phpword",
    "ReportedDate": "2015-01-13T02:07:29.773-08:00",
    "Status": {
      "Name": "Proposed",
      "Id": 1
    },
    "ReasonClosed": {
      "Name": "Unassigned"
    },
    "Summary": "How to add css with checkbox",
    "Type": {
      "Name": "Unassigned",
      "Id": 5
    },
    "VoteCount": 1,
    "Id": 96
  },
  "FileAttachments": [],
  "Comments": []
}