{
  "WorkItem": {
    "AffectedComponent": {
      "Name": "",
      "DisplayName": ""
    },
    "ClosedComment": "",
    "ClosedDate": null,
    "CommentCount": 1,
    "Custom": null,
    "Description": "I'm having a problem here which I don't know how to bring data that pass by url and send to PHPWord, so that the passed value can be use as data in my PHPWord.. \nMy system will be accessed by lots of user, and I want to bring the current student info after I click \"generate letter\" that locate bottom of the queue list for each person..  \nThe data that I want from webpage is :\n\nfullname,\nstudent_id,\nic_number,\ncourse, \n\nAfter clicking the \"Generate Letter\", the PHPWord will print the data according to the selected student in the list    : \n\n(example)\nstudent name = Ezwan Abid\nstudent_id = 05-201005-00018\nic_number = 12-121212-1212\ncourse = IT - Software\n\nand all those data above ( from the 'queue' list html page ) will bring the data to PHPWord and be printed.\nHope someone can help me ASAP. :)\nI already upload the file that contain the code : \n\n",
    "LastUpdatedDate": "2013-04-23T09:48:14.34-07:00",
    "PlannedForRelease": "",
    "ReleaseVisibleToPublic": false,
    "Priority": {
      "Name": "Low",
      "Severity": 50,
      "Id": 1
    },
    "ProjectName": "phpword",
    "ReportedDate": "2012-12-25T23:28:52.577-08:00",
    "Status": {
      "Name": "Proposed",
      "Id": 1
    },
    "ReasonClosed": {
      "Name": "Unassigned"
    },
    "Summary": "How to bring value from webpage/html to PHP word code?",
    "Type": {
      "Name": "Issue",
      "Id": 3
    },
    "VoteCount": 1,
    "Id": 50
  },
  "FileAttachments": [
    {
      "FileId": 582410,
      "FileName": "ApprovedLetter.php",
      "DownloadUrl": ".\\582410"
    },
    {
      "FileId": 582411,
      "FileName": "KebenaranProjek-code.php",
      "DownloadUrl": ".\\582411"
    }
  ],
  "Comments": [
    {
      "Message": "This is a basic PHP question and not an issue with PHPWord at all.  Are you familiar with POST and GET functionality?",
      "PostedDate": "2013-04-23T09:48:14.34-07:00",
      "Id": 97839
    }
  ]
}