{
  "WorkItem": {
    "AffectedComponent": {
      "Name": "",
      "DisplayName": ""
    },
    "ClosedComment": "",
    "ClosedDate": null,
    "CommentCount": 3,
    "Custom": null,
    "Description": "I am not able to set the height of a row in less then to min height, it always taking that min height.",
    "LastUpdatedDate": "2013-04-23T09:55:20.72-07:00",
    "PlannedForRelease": "",
    "ReleaseVisibleToPublic": false,
    "Priority": {
      "Name": "Low",
      "Severity": 50,
      "Id": 1
    },
    "ProjectName": "phpword",
    "ReportedDate": "2011-11-19T03:55:22.643-08:00",
    "Status": {
      "Name": "Proposed",
      "Id": 1
    },
    "ReasonClosed": {
      "Name": "Unassigned"
    },
    "Summary": "AddRow method is not taking height less then to min height",
    "Type": {
      "Name": "Issue",
      "Id": 3
    },
    "VoteCount": 2,
    "Id": 36
  },
  "FileAttachments": [],
  "Comments": [
    {
      "Message": "I'm having the same problem. I did some poking around and w:trHeight is getting set, but it apparently doesn't make any difference if the value is less than some minimum. I don't see where that is set in the xml file.",
      "PostedDate": "2012-02-06T06:16:48.673-08:00",
      "Id": 55448
    },
    {
      "Message": "PHPWord always sets row heights without specifying their type. Default value is \"atLeast\", which means, that rows with lower-than-minimum heights will have minimum height regardless of specified value.\n\nYou can solve this by adding an attribute \"w:hRule\" with value \"exact\" to the \"w:tcW\" element.\n\nYou can just add:\n$objWriter->writeAttribute('w:hRule', 'exact');\nto the class PHPWord_Writer_Word2007_Base after line 401 (which should contain: \"$objWriter->writeAttribute('w:val', $height)\".\n\nThis will set fixed row heights for all rows that have height specified.",
      "PostedDate": "2012-03-20T08:58:47.78-07:00",
      "Id": 58540
    },
    {
      "Message": "This solution does not seem to be accurate (as \"w:tcW\" is the wrong element for this property of the document.  Please see:\n\n[https://phpword.codeplex.com/workitem/48](https://phpword.codeplex.com/workitem/48)\n\nfor a proper solution including another valuable addition.",
      "PostedDate": "2013-04-23T09:55:20.72-07:00",
      "Id": 97842
    }
  ]
}