{
  "WorkItem": {
    "AffectedComponent": {
      "Name": "",
      "DisplayName": ""
    },
    "ClosedComment": "",
    "ClosedDate": null,
    "CommentCount": 1,
    "Custom": null,
    "Description": "Word supports absolute positioned images, but PHPWord has only basic left, center and right alignment.\r\n\r\nSupport for absolute positioned images is much needed and appreciated!",
    "LastUpdatedDate": "2014-03-19T22:38:19.07-07:00",
    "PlannedForRelease": "",
    "ReleaseVisibleToPublic": false,
    "Priority": {
      "Name": "Low",
      "Severity": 50,
      "Id": 1
    },
    "ProjectName": "phpword",
    "ReportedDate": "2012-01-04T05:47:19.577-08:00",
    "Status": {
      "Name": "Proposed",
      "Id": 1
    },
    "ReasonClosed": {
      "Name": "Unassigned"
    },
    "Summary": "Add support for absolute positioned images",
    "Type": {
      "Name": "Issue",
      "Id": 3
    },
    "VoteCount": 7,
    "Id": 39
  },
  "FileAttachments": [],
  "Comments": [
    {
      "Message": "Submitted to [GitHub](https://github.com/PHPOffice/PHPWord/issues/152).",
      "PostedDate": "2014-03-19T22:38:19.07-07:00",
      "Id": 137410
    }
  ]
}