{
  "WorkItem": {
    "AffectedComponent": {
      "Name": "",
      "DisplayName": ""
    },
    "ClosedComment": "",
    "ClosedDate": null,
    "CommentCount": 3,
    "Custom": null,
    "Description": "When trying TitleTOC.php The following error appear:\r\n\r\n( ! ) Catchable fatal error: Argument 2 passed to PHPWord_Writer_Word2007_Base::_writeParagraphStyle() must be an instance of PHPWord_Style_Paragraph, instance of PHPWord_Style_Font given, called in F:\\xampplite\\htdocs\\qams\\word\\PHPWord\\PHPWord\\Writer\\Word2007\\Document.php on line 351 and defined in F:\\xampplite\\htdocs\\qams\\word\\PHPWord\\PHPWord\\Writer\\Word2007\\Base.php on line 111",
    "LastUpdatedDate": "2011-05-23T11:42:05.257-07:00",
    "PlannedForRelease": "",
    "ReleaseVisibleToPublic": false,
    "Priority": {
      "Name": "Low",
      "Severity": 50,
      "Id": 1
    },
    "ProjectName": "phpword",
    "ReportedDate": "2010-08-04T02:41:11.157-07:00",
    "Status": {
      "Name": "Proposed",
      "Id": 1
    },
    "ReasonClosed": {
      "Name": "Unassigned"
    },
    "Summary": "TitleTOC.php example crash on PHPWord version Beta 0.6.2, 24.07.2010",
    "Type": {
      "Name": "Issue",
      "Id": 3
    },
    "VoteCount": 1,
    "Id": 10
  },
  "FileAttachments": [],
  "Comments": [
    {
      "Message": "TitleTOC.docx is generated but cannot be opened by Word",
      "PostedDate": "2010-08-04T02:42:52.953-07:00",
      "Id": 14925
    },
    {
      "Message": "Actually in TitleTOC.php example I wrote this lines \n$PHPWord->addParagraphStyle('pStyle', array('align'=>'center', 'spaceAfter'=>100));\n// Add TOC\n$section->addTOC('pStyle');\n\ninstead of\n\n// Add TOC\n$section->addTOC($fontStyle);\n\nand that work.\nIt seems to me that writeTOC in Document.php is not expecting a style font but a Paragrraph style ",
      "PostedDate": "2010-08-04T03:02:18.15-07:00",
      "Id": 14926
    },
    {
      "Message": "Thanks for your bug report. I think I missed the paragraph style in the PHPWord_TOC object.\nIt will be fixed in the next release.\n\nBest regards,\nMatthias",
      "PostedDate": "2011-05-23T11:42:05.257-07:00",
      "Id": 36260
    }
  ]
}