{
  "WorkItem": {
    "AffectedComponent": {
      "Name": "",
      "DisplayName": ""
    },
    "ClosedComment": "",
    "ClosedDate": null,
    "CommentCount": 0,
    "Custom": null,
    "Description": "Hi;\r\nI want to use phpword to create a persian text.\r\n\r\nplease help me to set utf-8 charset and style paragraph to set dir=rtl in phpword\r\n\r\nThanks in advance.",
    "LastUpdatedDate": "2016-01-19T01:35:55.497-08:00",
    "PlannedForRelease": "",
    "ReleaseVisibleToPublic": false,
    "Priority": {
      "Name": "Unassigned",
      "Severity": 0,
      "Id": 0
    },
    "ProjectName": "phpword",
    "ReportedDate": "2016-01-19T01:35:55.497-08:00",
    "Status": {
      "Name": "Proposed",
      "Id": 1
    },
    "ReasonClosed": {
      "Name": "Unassigned"
    },
    "Summary": "How to write rtl by phpword?",
    "Type": {
      "Name": "Unassigned",
      "Id": 5
    },
    "VoteCount": 1,
    "Id": 103
  },
  "FileAttachments": [],
  "Comments": []
}