{
  "WorkItem": {
    "AffectedComponent": {
      "Name": "",
      "DisplayName": ""
    },
    "ClosedComment": "",
    "ClosedDate": null,
    "CommentCount": 0,
    "Custom": null,
    "Description": "I find this library very useful and easy to implement. It`s working with the apache server installed on my PC and it`s working on several free hosting accounts too,  but on my paid shared hosting account I receive the following error \"Fatal error: Class 'ZipArchive' not found in [...]/PHPWord/Writer/Word2007.php on line 70\". Php version 5.22, zlib enabled. How may I install/enable zip extension on my server, without direct access to it. My system administrator told me to \"try to install the extension\" myself. Thanks",
    "LastUpdatedDate": "2012-08-06T14:20:45.537-07:00",
    "PlannedForRelease": "",
    "ReleaseVisibleToPublic": false,
    "Priority": {
      "Name": "Low",
      "Severity": 50,
      "Id": 1
    },
    "ProjectName": "phpword",
    "ReportedDate": "2012-08-06T14:20:45.537-07:00",
    "Status": {
      "Name": "Proposed",
      "Id": 1
    },
    "ReasonClosed": {
      "Name": "Unassigned"
    },
    "Summary": "Fatal error: Class 'ZipArchive' not found",
    "Type": {
      "Name": "Issue",
      "Id": 3
    },
    "VoteCount": 1,
    "Id": 47
  },
  "FileAttachments": [],
  "Comments": []
}