{
  "WorkItem": {
    "AffectedComponent": {
      "Name": "",
      "DisplayName": ""
    },
    "ClosedComment": "",
    "ClosedDate": null,
    "CommentCount": 1,
    "Custom": null,
    "Description": "PHPWord 0.6.2-1 Beta doesn't support adding hyperlinks to other parts of the document,such as other session or other page.what can i do?",
    "LastUpdatedDate": "2012-10-26T08:54:01.89-07:00",
    "PlannedForRelease": "",
    "ReleaseVisibleToPublic": false,
    "Priority": {
      "Name": "Low",
      "Severity": 50,
      "Id": 1
    },
    "ProjectName": "phpword",
    "ReportedDate": "2011-09-01T06:03:00.783-07:00",
    "Status": {
      "Name": "Proposed",
      "Id": 1
    },
    "ReasonClosed": {
      "Name": "Unassigned"
    },
    "Summary": "adding hyperlinks to other parts of the document",
    "Type": {
      "Name": "Issue",
      "Id": 3
    },
    "VoteCount": 2,
    "Id": 30
  },
  "FileAttachments": [],
  "Comments": [
    {
      "Message": "I have the same problem with you，Did you solve your problem?",
      "PostedDate": "2012-07-11T22:30:06.223-07:00",
      "Id": 69986
    }
  ]
}