{
  "WorkItem": {
    "AffectedComponent": {
      "Name": "",
      "DisplayName": ""
    },
    "ClosedComment": "",
    "ClosedDate": null,
    "CommentCount": 1,
    "Custom": null,
    "Description": "How to write several lines in Table cell",
    "LastUpdatedDate": "2014-03-19T22:45:56.983-07:00",
    "PlannedForRelease": "",
    "ReleaseVisibleToPublic": false,
    "Priority": {
      "Name": "Low",
      "Severity": 50,
      "Id": 1
    },
    "ProjectName": "phpword",
    "ReportedDate": "2011-10-03T04:01:50.487-07:00",
    "Status": {
      "Name": "Proposed",
      "Id": 1
    },
    "ReasonClosed": {
      "Name": "Unassigned"
    },
    "Summary": "Multi lines Text in the same table cell",
    "Type": {
      "Name": "Issue",
      "Id": 3
    },
    "VoteCount": 3,
    "Id": 33
  },
  "FileAttachments": [
    {
      "FileId": 288358,
      "FileName": "exemple.docx",
      "DownloadUrl": ".\\288358"
    }
  ],
  "Comments": [
    {
      "Message": "Try this:\n```\n$table->addRow();\n$cell = $table->addCell(8000);\n$cell->addText('Line 1');\n$cell->addText('Line 2');\n$cell->addText('Line 3');\n```",
      "PostedDate": "2014-03-19T22:45:56.983-07:00",
      "Id": 137413
    }
  ]
}