{
  "WorkItem": {
    "AffectedComponent": {
      "Name": "",
      "DisplayName": ""
    },
    "ClosedComment": "",
    "ClosedDate": null,
    "CommentCount": 0,
    "Custom": null,
    "Description": "Can anyone explain me how to use the fgcolor parameter ?\r\n\r\n\r\nI have this, but it doesn't work :\r\n\r\n$PHPWord->addFontStyle('FontTitle', array('fgColor'=>'FGCOLOR_BLACK', 'color'=>'FFFFFF','size'=>14));",
    "LastUpdatedDate": "2012-05-08T07:30:46.667-07:00",
    "PlannedForRelease": "",
    "ReleaseVisibleToPublic": false,
    "Priority": {
      "Name": "Low",
      "Severity": 50,
      "Id": 1
    },
    "ProjectName": "phpword",
    "ReportedDate": "2012-05-08T07:30:46.667-07:00",
    "Status": {
      "Name": "Proposed",
      "Id": 1
    },
    "ReasonClosed": {
      "Name": "Unassigned"
    },
    "Summary": "Fgcolor parameter",
    "Type": {
      "Name": "Issue",
      "Id": 3
    },
    "VoteCount": 1,
    "Id": 45
  },
  "FileAttachments": [],
  "Comments": []
}