{
  "WorkItem": {
    "AffectedComponent": {
      "Name": "",
      "DisplayName": ""
    },
    "ClosedComment": "",
    "ClosedDate": null,
    "CommentCount": 1,
    "Custom": null,
    "Description": "Any help please ",
    "LastUpdatedDate": "2011-05-23T11:24:18.697-07:00",
    "PlannedForRelease": "",
    "ReleaseVisibleToPublic": false,
    "Priority": {
      "Name": "Low",
      "Severity": 50,
      "Id": 1
    },
    "ProjectName": "phpword",
    "ReportedDate": "2010-09-22T09:10:10.87-07:00",
    "Status": {
      "Name": "Proposed",
      "Id": 1
    },
    "ReasonClosed": {
      "Name": "Unassigned"
    },
    "Summary": "Arabic characters appears wrongly",
    "Type": {
      "Name": "Issue",
      "Id": 3
    },
    "VoteCount": 1,
    "Id": 12
  },
  "FileAttachments": [],
  "Comments": [
    {
      "Message": "Thanks for your bug report. I'll figure it out and will fix it in the next release.\n\nI think there is just missing the w:lang attribute which must be set to specific language set.\n\nBest regards,\nMatthias",
      "PostedDate": "2011-05-23T11:24:18.697-07:00",
      "Id": 36258
    }
  ]
}